date,commandNumber,products/link,products/img,products/quantity,products/shortName,products/reference
 11 juil.. 2017,171-1221700-7489948,https://primenow.amazon.fr/dp/B06XG22X3W?m=AGMEOZFASZJSS&psc=1,https://images-eu.ssl-images-amazon.com/images/I/51v11wibOUL._SS100_SCLZZZZZZZ_.jpg,1,Saint Loup Buche Affin�e de Ch�vre 180 g,B06XG22X3W
 11 juil.. 2017,171-1221700-7489948,https://primenow.amazon.fr/dp/B01N5VJO67?m=AGMEOZFASZJSS&psc=1,https://images-eu.ssl-images-amazon.com/images/I/413i0B2xipL._SS100_SCLZZZZZZZ_.jpg,1,LA BOULANGERE Pain de Mie Toastiligne Co...,B01N5VJO67
 11 juil.. 2017,171-1221700-7489948,https://primenow.amazon.fr/dp/B06ZYJL9XN?m=AGMEOZFASZJSS&psc=1,https://images-eu.ssl-images-amazon.com/images/I/51xa%2BTErVgL._SS100_SCLZZZZZZZ_.jpg,1,Mort Subite Bi�re Lambic aux Cerises Aro...,B06ZYJL9XN
 11 juil.. 2017,171-1221700-7489948,https://primenow.amazon.fr/dp/B0140F0BK4?m=AGMEOZFASZJSS&psc=1,https://images-eu.ssl-images-amazon.com/images/I/51sOw7p4ghL._SS100_SCLZZZZZZZ_.jpg,1,Barilla P�tes Courtes 500 g,B0140F0BK4
 11 juil.. 2017,171-1221700-7489948,https://primenow.amazon.fr/dp/B005F5M670?m=AGMEOZFASZJSS&psc=1,https://images-eu.ssl-images-amazon.com/images/I/41IPQ0G8KQL._SS100_SCLZZZZZZZ_.jpg,1,Franck Provost - Expert Nutrition+ Shamp...,B005F5M670
 11 juil.. 2017,171-1221700-7489948,https://primenow.amazon.fr/dp/B005GZHZ20?m=AGMEOZFASZJSS&psc=1,https://images-eu.ssl-images-amazon.com/images/I/41f6M-ZFtOL._SS100_SCLZZZZZZZ_.jpg,1,Franck Provost - Expert Nutrition+ Apr�s...,B005GZHZ20
 11 juil.. 2017,171-1221700-7489948,https://primenow.amazon.fr/dp/B01DYC2G5M?m=AGMEOZFASZJSS&psc=1,https://images-eu.ssl-images-amazon.com/images/I/61iYE2H0KVL._SS100_SCLZZZZZZZ_.jpg,1,PETITS CORAYA X20 MINI-BATONNETS + 1 SAU...,B01DYC2G5M
 22 aout. 2017,171-8858850-3305950,https://primenow.amazon.fr/dp/B003TUEIYC?m=AGMEOZFASZJSS&psc=1,https://images-eu.ssl-images-amazon.com/images/I/51uuQtCJo8L._SS100_SCLZZZZZZZ_.jpg,1,Barilla Sauce Pesto Alla Genovese au Bas...,B003TUEIYC
 22 aout. 2017,171-8858850-3305950,https://primenow.amazon.fr/dp/B01N7RUVP6?m=AGMEOZFASZJSS&psc=1,https://images-eu.ssl-images-amazon.com/images/I/51YwBftlnRL._SS100_SCLZZZZZZZ_.jpg,1,Scottex Papier Toilette Coussin� Style x...,B01N7RUVP6
 22 aout. 2017,171-8858850-3305950,https://primenow.amazon.fr/dp/B06ZYJL9XN?m=AGMEOZFASZJSS&psc=1,https://images-eu.ssl-images-amazon.com/images/I/51xa%2BTErVgL._SS100_SCLZZZZZZZ_.jpg,2,Mort Subite Bi�re Lambic aux Cerises Aro...,B06ZYJL9XN
 22 aout. 2017,171-8858850-3305950,https://primenow.amazon.fr/dp/B01G5C5J9S?m=AGMEOZFASZJSS&psc=1,https://images-eu.ssl-images-amazon.com/images/I/51j5-4ULLEL._SS100_SCLZZZZZZZ_.jpg,1,Volvic Eau Min�rale Naturelle Pack de 6 ...,B01G5C5J9S
 22 aout. 2017,171-8858850-3305950,https://primenow.amazon.fr/dp/B072R19NYB?m=AGMEOZFASZJSS&psc=1,https://images-eu.ssl-images-amazon.com/images/I/51G%2BIgzLkcL._SS100_SCLZZZZZZZ_.jpg,1,Lustucru Frais Gnocchi � Po�ler XXL 705 ...,B072R19NYB
 25 juil.. 2017,171-9533320-5910758,https://primenow.amazon.fr/dp/B00SYWN4NG?m=AGMEOZFASZJSS&psc=1,https://images-eu.ssl-images-amazon.com/images/I/41I36j9zB6L._SS100_SCLZZZZZZZ_.jpg,2,Monster Energy Boisson �nergisante 500ml,B00SYWN4NG
 25 juil.. 2017,171-9533320-5910758,https://primenow.amazon.fr/dp/B0095V4VNC?m=AGMEOZFASZJSS&psc=1,https://images-eu.ssl-images-amazon.com/images/I/618qXWpMwIL._SS100_SCLZZZZZZZ_.jpg,1,CORAYA L'ORIGINAL X 12 BATONNETS - 180G,B0095V4VNC
 25 juil.. 2017,171-9533320-5910758,https://primenow.amazon.fr/dp/B01G5SGF2M?m=AGMEOZFASZJSS&psc=1,https://images-eu.ssl-images-amazon.com/images/I/41cYOxOQX%2BL._SS100_SCLZZZZZZZ_.jpg,1,Tomate Cerise Rouge et Jaune 250g Cat 1,B01G5SGF2M
 25 juil.. 2017,171-9533320-5910758,https://primenow.amazon.fr/dp/B06ZYJL9XN?m=AGMEOZFASZJSS&psc=1,https://images-eu.ssl-images-amazon.com/images/I/51xa%2BTErVgL._SS100_SCLZZZZZZZ_.jpg,1,Mort Subite Bi�re Lambic aux Cerises Aro...,B06ZYJL9XN
 25 juil.. 2017,171-9533320-5910758,https://primenow.amazon.fr/dp/B01G5SF5V4?m=AGMEOZFASZJSS&psc=1,https://images-eu.ssl-images-amazon.com/images/I/41Rkb74jSgL._SS100_SCLZZZZZZZ_.jpg,1,Banane 1kg Premium Selectionn�e � la Mai...,B01G5SF5V4
 25 juil.. 2017,171-9533320-5910758,https://primenow.amazon.fr/dp/B01G5SFWPS?m=AGMEOZFASZJSS&psc=1,https://images-eu.ssl-images-amazon.com/images/I/4129-zETLSL._SS100_SCLZZZZZZZ_.jpg,1,Mache Barquette 150g,B01G5SFWPS
 25 juil.. 2017,171-9533320-5910758,https://primenow.amazon.fr/dp/B00R30Q3U6?m=AGMEOZFASZJSS&psc=1,https://images-eu.ssl-images-amazon.com/images/I/51qfxge4MmL._SS100_SCLZZZZZZZ_.jpg,1,VITARMONYL Levure de Bi�re 60 Comprim�s ...,B00R30Q3U6
 25 juil.. 2017,171-9533320-5910758,https://primenow.amazon.fr/dp/B00L70BAUG?m=AGMEOZFASZJSS&psc=1,https://images-eu.ssl-images-amazon.com/images/I/613vHEc8tAL._SS100_SCLZZZZZZZ_.jpg,1,Fleury Michon Eminces de Poulet 25 % de ...,B00L70BAUG
 25 juil.. 2017,171-9533320-5910758,https://primenow.amazon.fr/dp/B071LP2SLY?m=AGMEOZFASZJSS&psc=1,https://images-eu.ssl-images-amazon.com/images/I/51lrkay5LfL._SS100_SCLZZZZZZZ_.jpg,1,Charal Hach� 5% Fa�on Bouch�re 2 x 125 g,B071LP2SLY
 25 juil.. 2017,171-9533320-5910758,https://primenow.amazon.fr/dp/B01MF59DZA?m=AGMEOZFASZJSS&psc=1,https://images-eu.ssl-images-amazon.com/images/I/51QXuNjiBkL._SS100_SCLZZZZZZZ_.jpg,1,Herta Knacki Original Saucisses Porc x 6...,B01MF59DZA
 25 juil.. 2017,171-9533320-5910758,https://primenow.amazon.fr/dp/B01G5SFH5I?m=AGMEOZFASZJSS&psc=1,https://images-eu.ssl-images-amazon.com/images/I/31np6Pn8AxL._SS100_SCLZZZZZZZ_.jpg,1,Concombre Droit,B01G5SFH5I
 25 juil.. 2017,171-9533320-5910758,https://primenow.amazon.fr/dp/B01G5SFPTQ?m=AGMEOZFASZJSS&psc=1,https://images-eu.ssl-images-amazon.com/images/I/41dezkEzMoL._SS100_SCLZZZZZZZ_.jpg,1,Haricot Vert Equeute 250g,B01G5SFPTQ
 7 aout. 2017,171-9728019-6811539,https://primenow.amazon.fr/dp/B00LICIETI?m=AGMEOZFASZJSS&psc=1,https://images-eu.ssl-images-amazon.com/images/I/51pM5agm0AL._SS100_SCLZZZZZZZ_.jpg,1,Elle & Vire Cr�me Semi-Epaisse Si L�g�re...,B00LICIETI
 7 aout. 2017,171-9728019-6811539,https://primenow.amazon.fr/dp/B01G3IJD96?m=AGMEOZFASZJSS&psc=1,https://images-eu.ssl-images-amazon.com/images/I/51JeBZ-pXYL._SS100_SCLZZZZZZZ_.jpg,1,Le Gaulois le Cordon Bleu Poulet 200 g,B01G3IJD96
 7 aout. 2017,171-9728019-6811539,https://primenow.amazon.fr/dp/B009Y6TLSI?m=AGMEOZFASZJSS&psc=1,https://images-eu.ssl-images-amazon.com/images/I/51RqNMY6hAL._SS100_SCLZZZZZZZ_.jpg,1,Uncle Ben's Riz Express 2mn Tomate et Hu...,B009Y6TLSI
 7 aout. 2017,171-9728019-6811539,https://primenow.amazon.fr/dp/B071FZY33B?m=AGMEOZFASZJSS&psc=1,https://images-eu.ssl-images-amazon.com/images/I/61MUBgivHZL._SS100_SCLZZZZZZZ_.jpg,1,Le Gaulois Crousty Chicken Long Filet's ...,B071FZY33B
 7 aout. 2017,171-9728019-6811539,https://primenow.amazon.fr/dp/B00BFEBF86?m=AGMEOZFASZJSS&psc=1,https://images-eu.ssl-images-amazon.com/images/I/51ALlDYUJSL._SS100_SCLZZZZZZZ_.jpg,1,Lustucru S�lection Gnocchi aux Pommes de...,B00BFEBF86
 7 aout. 2017,171-9728019-6811539,https://primenow.amazon.fr/dp/B014TBKEC4?m=AGMEOZFASZJSS&psc=1,https://images-eu.ssl-images-amazon.com/images/I/41SE3wRbyaL._SS100_SCLZZZZZZZ_.jpg,1,Pitters Porto blanc 75 cl,B014TBKEC4
 7 aout. 2017,171-9728019-6811539,https://primenow.amazon.fr/dp/B00K53EH4W?m=AGMEOZFASZJSS&psc=1,https://images-eu.ssl-images-amazon.com/images/I/51vaOwh7WCL._SS100_SCLZZZZZZZ_.jpg,1,Salade & Cie Roma 320g,B00K53EH4W
 7 aout. 2017,171-9728019-6811539,https://primenow.amazon.fr/dp/B01G5SGEZ0?m=AGMEOZFASZJSS&psc=1,https://images-eu.ssl-images-amazon.com/images/I/41uckF7h92L._SS100_SCLZZZZZZZ_.jpg,1,Tomate Cerise Rouge Bio 250g Cat 2,B01G5SGEZ0
 7 aout. 2017,171-9728019-6811539,https://primenow.amazon.fr/dp/B007Y4RB4I?m=AGMEOZFASZJSS&psc=1,https://images-eu.ssl-images-amazon.com/images/I/51auzrez0fL._SS100_SCLZZZZZZZ_.jpg,1,LA BOULANGERE 6 Pains Wraps 370 g,B007Y4RB4I
 7 aout. 2017,171-9728019-6811539,https://primenow.amazon.fr/dp/B008PEUGWK?m=AGMEOZFASZJSS&psc=1,https://images-eu.ssl-images-amazon.com/images/I/51KY7dSk0CL._SS100_SCLZZZZZZZ_.jpg,1,Salade & Cie Manhattan 320g,B008PEUGWK
 7 aout. 2017,171-9728019-6811539,https://primenow.amazon.fr/dp/B00FEIJFA4?m=AGMEOZFASZJSS&psc=1,https://images-eu.ssl-images-amazon.com/images/I/51S5McGh69L._SS100_SCLZZZZZZZ_.jpg,1,Krisprolls Petits pains su�dois Dor�s 40...,B00FEIJFA4
 7 aout. 2017,171-9728019-6811539,https://primenow.amazon.fr/dp/B01G5C5J9S?m=AGMEOZFASZJSS&psc=1,https://images-eu.ssl-images-amazon.com/images/I/51j5-4ULLEL._SS100_SCLZZZZZZZ_.jpg,1,Volvic Eau Min�rale Naturelle Pack de 6 ...,B01G5C5J9S
 7 aout. 2017,171-9728019-6811539,https://primenow.amazon.fr/dp/B06XG22X3W?m=AGMEOZFASZJSS&psc=1,https://images-eu.ssl-images-amazon.com/images/I/51v11wibOUL._SS100_SCLZZZZZZZ_.jpg,1,Saint Loup Buche Affin�e de Ch�vre 180 g,B06XG22X3W
 7 aout. 2017,171-9728019-6811539,https://primenow.amazon.fr/dp/B06XS93821?m=AGMEOZFASZJSS&psc=1,https://images-eu.ssl-images-amazon.com/images/I/512REPlaUGL._SS100_SCLZZZZZZZ_.jpg,1,Findus Pommes Noisettes 400 g,B06XS93821
 7 aout. 2017,171-9728019-6811539,https://primenow.amazon.fr/dp/B00DDT9JIE?m=AGMEOZFASZJSS&psc=1,https://images-eu.ssl-images-amazon.com/images/I/51oBN2-3TXL._SS100_SCLZZZZZZZ_.jpg,1,Old el paso Dip Guacamole 320 g,B00DDT9JIE
 7 aout. 2017,171-9728019-6811539,https://primenow.amazon.fr/dp/B009RK35SS?m=AGMEOZFASZJSS&psc=1,https://images-eu.ssl-images-amazon.com/images/I/51zqvpSBksL._SS100_SCLZZZZZZZ_.jpg,1,Fleury Michon Viande D�s d'Epaule 2 x 75...,B009RK35SS
 7 aout. 2017,171-9728019-6811539,https://primenow.amazon.fr/dp/B071FZY33F?m=AGMEOZFASZJSS&psc=1,https://images-eu.ssl-images-amazon.com/images/I/51ZK7rGPl-L._SS100_SCLZZZZZZZ_.jpg,1,Le Gaulois Escalope de Dinde Extra Tendr...,B071FZY33F
 12 juin. 2017,402-2453915-1397158,https://primenow.amazon.fr/dp/B008HJRLXK?m=AGMEOZFASZJSS&psc=1,https://images-eu.ssl-images-amazon.com/images/I/31gtA7qmRPL._SS100_SCLZZZZZZZ_.jpg,1,Tangle Teezer The Original Brosse � Chev...,B008HJRLXK
 12 juin. 2017,402-2453915-1397158,https://primenow.amazon.fr/dp/B06XWRNFZZ?m=AGMEOZFASZJSS&psc=1,https://images-eu.ssl-images-amazon.com/images/I/516NAuZwSQL._SS100_SCLZZZZZZZ_.jpg,1,Scottex Papier Toilette d�cor� x 24 Roul...,B06XWRNFZZ
 12 juin. 2017,402-2453915-1397158,https://primenow.amazon.fr/dp/B01LXO3XT9?m=AGMEOZFASZJSS&psc=1,https://images-eu.ssl-images-amazon.com/images/I/51k9m8Zd4KL._SS100_SCLZZZZZZZ_.jpg,1,Kellogg's Biscuits Petit D�jeuner Nutri-...,B01LXO3XT9
 12 juin. 2017,402-2453915-1397158,https://primenow.amazon.fr/dp/B00BFEBF86?m=AGMEOZFASZJSS&psc=1,https://images-eu.ssl-images-amazon.com/images/I/51ALlDYUJSL._SS100_SCLZZZZZZZ_.jpg,1,Lustucru S�lection Gnocchi aux Pommes de...,B00BFEBF86
 12 juin. 2017,402-2453915-1397158,https://primenow.amazon.fr/dp/B00EEW4IYO?m=AGMEOZFASZJSS&psc=1,https://images-eu.ssl-images-amazon.com/images/I/410nFUCqQnL._SS100_SCLZZZZZZZ_.jpg,1,Dessange - Nutri-Extr�me Richesse Elixir...,B00EEW4IYO
 12 juin. 2017,402-2453915-1397158,https://primenow.amazon.fr/dp/B00KIZHSYI?m=AGMEOZFASZJSS&psc=1,https://images-eu.ssl-images-amazon.com/images/I/416KL6K6uvL._SS100_SCLZZZZZZZ_.jpg,1,Soignon Fromage de Ch�vre Sainte Maure 2...,B00KIZHSYI
 12 juin. 2017,402-2453915-1397158,https://primenow.amazon.fr/dp/B01G37Z0PI?m=AGMEOZFASZJSS&psc=1,https://images-eu.ssl-images-amazon.com/images/I/31%2BgRPaz8mL._SS100_SCLZZZZZZZ_.jpg,1,Herta Tr�sor de Grand-M�re P�te Bris�e �...,B01G37Z0PI
 12 juin. 2017,402-2453915-1397158,https://primenow.amazon.fr/dp/B0154XANR2?m=AGMEOZFASZJSS&psc=1,https://images-eu.ssl-images-amazon.com/images/I/61YWZJPc%2BHL._SS100_SCLZZZZZZZ_.jpg,1,Conn�table Thon blanc au naturel 112 g,B0154XANR2
 12 juin. 2017,402-2453915-1397158,https://primenow.amazon.fr/dp/B00CEZTY1U?m=AGMEOZFASZJSS&psc=1,https://images-eu.ssl-images-amazon.com/images/I/419qtDOzcfL._SS100_SCLZZZZZZZ_.jpg,2,75CL NORMANDIE CIDRE BOUCHE DOUX ECUSSON,B00CEZTY1U
 12 juin. 2017,402-2453915-1397158,https://primenow.amazon.fr/dp/B01FXYBOD4?m=AGMEOZFASZJSS&psc=1,https://images-eu.ssl-images-amazon.com/images/I/51r26YbaaIL._SS100_SCLZZZZZZZ_.jpg,1,Pr�sident Fromage Emmental R�p� Fondant ...,B01FXYBOD4
 12 juin. 2017,402-2453915-1397158,https://primenow.amazon.fr/dp/B01G5C5J9S?m=AGMEOZFASZJSS&psc=1,https://images-eu.ssl-images-amazon.com/images/I/51j5-4ULLEL._SS100_SCLZZZZZZZ_.jpg,1,Volvic Eau Min�rale Naturelle Pack de 6 ...,B01G5C5J9S
 12 juin. 2017,402-2453915-1397158,https://primenow.amazon.fr/dp/B01H3SZLZK?m=AGMEOZFASZJSS&psc=1,https://images-eu.ssl-images-amazon.com/images/I/41gfZsGAJvL._SS100_SCLZZZZZZZ_.jpg,1,Toupargel Epinards Hach�s 1 kg Surgel�,B01H3SZLZK
 12 juin. 2017,402-2453915-1397158,https://primenow.amazon.fr/dp/B01N5VJO67?m=AGMEOZFASZJSS&psc=1,https://images-eu.ssl-images-amazon.com/images/I/413i0B2xipL._SS100_SCLZZZZZZZ_.jpg,1,LA BOULANGERE Pain de Mie Toastiligne Co...,B01N5VJO67
 12 juin. 2017,402-2453915-1397158,https://primenow.amazon.fr/dp/B06XCZZTB2?m=AGMEOZFASZJSS&psc=1,https://images-eu.ssl-images-amazon.com/images/I/41kazmU9seL._SS100_SCLZZZZZZZ_.jpg,1,Gioiella Burrata � la Truffe,B06XCZZTB2
 12 juin. 2017,402-2453915-1397158,https://primenow.amazon.fr/dp/B01LZALN0A?m=AGMEOZFASZJSS&psc=1,https://images-eu.ssl-images-amazon.com/images/I/6101nBsw1QL._SS100_SCLZZZZZZZ_.jpg,1,Kellogg's Biscuits Petit D�jeuner Nutri-...,B01LZALN0A
 22 mars. 2017,402-3939145-8603543,https://primenow.amazon.fr/dp/B00BFEBF86?m=AGMEOZFASZJSS&psc=1,https://images-eu.ssl-images-amazon.com/images/I/51ALlDYUJSL._SS100_SCLZZZZZZZ_.jpg,1,Lustucru S�lection Gnocchi aux Pommes de...,B00BFEBF86
 22 mars. 2017,402-3939145-8603543,https://primenow.amazon.fr/dp/B01G5SF5V4?m=AGMEOZFASZJSS&psc=1,https://images-eu.ssl-images-amazon.com/images/I/41Rkb74jSgL._SS100_SCLZZZZZZZ_.jpg,1,Banane 1kg Premium Selectionn�e � la Mai...,B01G5SF5V4
 22 mars. 2017,402-3939145-8603543,https://primenow.amazon.fr/dp/B0051T3BME?m=AGMEOZFASZJSS&psc=1,https://images-eu.ssl-images-amazon.com/images/I/51MybhoP-BL._SS100_SCLZZZZZZZ_.jpg,1,Lustucru Jambon Emmental S�lection Torte...,B0051T3BME
 22 mars. 2017,402-3939145-8603543,https://primenow.amazon.fr/dp/B013I9P8KQ?m=AGMEOZFASZJSS&psc=1,https://images-eu.ssl-images-amazon.com/images/I/41akSOP%2BbGL._SS100_SCLZZZZZZZ_.jpg,1,Lindt Tablette Chocolat au lait Extra Fo...,B013I9P8KQ
 22 mars. 2017,402-3939145-8603543,https://primenow.amazon.fr/dp/B00YOW6BT4?m=AGMEOZFASZJSS&psc=1,https://images-eu.ssl-images-amazon.com/images/I/419NW14xI0L._SS100_SCLZZZZZZZ_.jpg,2,Chimay Bi�re P�res Trappistes 2015 330 m...,B00YOW6BT4
 22 mars. 2017,402-3939145-8603543,https://primenow.amazon.fr/dp/B01FXZLB22?m=AGMEOZFASZJSS&psc=1,https://images-eu.ssl-images-amazon.com/images/I/51QDcGZTfNL._SS100_SCLZZZZZZZ_.jpg,1,Giovanni Rana Gourmet Grand Ravioli aux ...,B01FXZLB22
 22 mars. 2017,402-3939145-8603543,https://primenow.amazon.fr/dp/B01G5C5J9S?m=AGMEOZFASZJSS&psc=1,https://images-eu.ssl-images-amazon.com/images/I/51j5-4ULLEL._SS100_SCLZZZZZZZ_.jpg,1,Volvic Eau Min�rale Naturelle Pack de 6 ...,B01G5C5J9S
 22 mars. 2017,402-3939145-8603543,https://primenow.amazon.fr/dp/B000VOCQQ6?m=AGMEOZFASZJSS&psc=1,https://images-eu.ssl-images-amazon.com/images/I/51S9F7IX%2B7L._SS100_SCLZZZZZZZ_.jpg,1,Illy 100% Arabica Espresso Caf� Moulu To...,B000VOCQQ6
 22 mars. 2017,402-3939145-8603543,https://primenow.amazon.fr/dp/B00KIZHSYI?m=AGMEOZFASZJSS&psc=1,https://images-eu.ssl-images-amazon.com/images/I/416KL6K6uvL._SS100_SCLZZZZZZZ_.jpg,2,Soignon Fromage de Ch�vre Sainte Maure 2...,B00KIZHSYI
 22 mars. 2017,402-3939145-8603543,https://primenow.amazon.fr/dp/B00LICIETI?m=AGMEOZFASZJSS&psc=1,https://images-eu.ssl-images-amazon.com/images/I/51pM5agm0AL._SS100_SCLZZZZZZZ_.jpg,1,Elle & Vire Cr�me Semi-Epaisse Si L�g�re...,B00LICIETI
 22 mars. 2017,402-3939145-8603543,https://primenow.amazon.fr/dp/B01FXIBEUI?m=AGMEOZFASZJSS&psc=1,https://images-eu.ssl-images-amazon.com/images/I/31NR2sLO18L._SS100_SCLZZZZZZZ_.jpg,1,Nivea D�maquillant Doux pour les Yeux 12...,B01FXIBEUI
 22 mars. 2017,402-3939145-8603543,https://primenow.amazon.fr/dp/B01FXIA34G?m=AGMEOZFASZJSS&psc=1,https://images-eu.ssl-images-amazon.com/images/I/51f4HmIKdkL._SS100_SCLZZZZZZZ_.jpg,1,Kellogg's C�r�ales All Bran Fruit'n Fibr...,B01FXIA34G
 22 mars. 2017,402-3939145-8603543,https://primenow.amazon.fr/dp/B00CEZTY1U?m=AGMEOZFASZJSS&psc=1,https://images-eu.ssl-images-amazon.com/images/I/419qtDOzcfL._SS100_SCLZZZZZZZ_.jpg,4,75CL NORMANDIE CIDRE BOUCHE DOUX ECUSSON,B00CEZTY1U
 22 mars. 2017,402-3939145-8603543,https://primenow.amazon.fr/dp/B0148OIC12?m=AGMEOZFASZJSS&psc=1,https://images-eu.ssl-images-amazon.com/images/I/41HXyWbc6yL._SS100_SCLZZZZZZZ_.jpg,1,Tropicana 100% Pur Jus de Cl�mentine Bou...,B0148OIC12
 22 mars. 2017,402-3939145-8603543,https://primenow.amazon.fr/dp/B01G3P45TC?m=AGMEOZFASZJSS&psc=1,https://images-eu.ssl-images-amazon.com/images/I/51cTwYjaCsL._SS100_SCLZZZZZZZ_.jpg,1,Panzani Lustucru S�lection Demi-lune tom...,B01G3P45TC
 22 mars. 2017,402-3939145-8603543,https://primenow.amazon.fr/dp/B01G37XX9S?m=AGMEOZFASZJSS&psc=1,https://images-eu.ssl-images-amazon.com/images/I/51Y02ijXGwL._SS100_SCLZZZZZZZ_.jpg,1,Herta Lardons Fum�s 204 g,B01G37XX9S
 22 mars. 2017,402-3939145-8603543,https://primenow.amazon.fr/dp/B01G37Z0PI?m=AGMEOZFASZJSS&psc=1,https://images-eu.ssl-images-amazon.com/images/I/31%2BgRPaz8mL._SS100_SCLZZZZZZZ_.jpg,3,Herta Tr�sor de Grand-M�re P�te Bris�e �...,B01G37Z0PI
 15 mai. 2017,402-4291524-5805159,https://primenow.amazon.fr/dp/B019G8WHG6?m=AGMEOZFASZJSS&psc=1,https://images-eu.ssl-images-amazon.com/images/I/414z5hoWQ3L._SS100_SCLZZZZZZZ_.jpg,1,Sanex Gel Douche Dermo Hypoallerg�nique ...,B019G8WHG6
 15 mai. 2017,402-4291524-5805159,https://primenow.amazon.fr/dp/B01H3SYJJE?m=AGMEOZFASZJSS&psc=1,https://images-eu.ssl-images-amazon.com/images/I/41rN-dPz71L._SS100_SCLZZZZZZZ_.jpg,1,Toupargel 8 Palets aux Courgettes 300 g ...,B01H3SYJJE
 15 mai. 2017,402-4291524-5805159,https://primenow.amazon.fr/dp/B00EU6JI6M?m=AGMEOZFASZJSS&psc=1,https://images-eu.ssl-images-amazon.com/images/I/41U50G9eBwL._SS100_SCLZZZZZZZ_.jpg,1,Dessange - Blond Californien Soin Patine...,B00EU6JI6M
 15 mai. 2017,402-4291524-5805159,https://primenow.amazon.fr/dp/B007UPKLWK?m=AGMEOZFASZJSS&psc=1,https://images-eu.ssl-images-amazon.com/images/I/416e7GT6t1L._SS100_SCLZZZZZZZ_.jpg,1,Vademecum - Dentifrice - Blancheur et Pl...,B007UPKLWK
 15 mai. 2017,402-4291524-5805159,https://primenow.amazon.fr/dp/B0001B56XE?m=AGMEOZFASZJSS&psc=1,https://images-eu.ssl-images-amazon.com/images/I/31t8aOqz3nL._SS100_SCLZZZZZZZ_.jpg,1,Tabac Original Lotion Apr�s Rasage 200 m...,B0001B56XE
 15 mai. 2017,402-4291524-5805159,https://primenow.amazon.fr/dp/B01G35XSA4?m=AGMEOZFASZJSS&psc=1,https://images-eu.ssl-images-amazon.com/images/I/41gQd1arejL._SS100_SCLZZZZZZZ_.jpg,1,Rians le Cab�cou Du P�rigord Pur Lait de...,B01G35XSA4
 15 mai. 2017,402-4291524-5805159,https://primenow.amazon.fr/dp/B00BXWLG2U?m=AGMEOZFASZJSS&psc=1,https://images-eu.ssl-images-amazon.com/images/I/41Zx6cySr1L._SS100_SCLZZZZZZZ_.jpg,1,Aussie Luscious Long Shampoing pour Chev...,B00BXWLG2U
 15 mai. 2017,402-4291524-5805159,https://primenow.amazon.fr/dp/B01NCMZFHL?m=AGMEOZFASZJSS&psc=1,https://images-eu.ssl-images-amazon.com/images/I/3159gH2eVNL._SS100_SCLZZZZZZZ_.jpg,3,Ecusson - Cidre bouch� brut Normandie - ...,B01NCMZFHL
 15 mai. 2017,402-4291524-5805159,https://primenow.amazon.fr/dp/B00BXWLITQ?m=AGMEOZFASZJSS&psc=1,https://images-eu.ssl-images-amazon.com/images/I/4148s7eX7DL._SS100_SCLZZZZZZZ_.jpg,1,Aussie - 3 Minute Miracle Reconstructor ...,B00BXWLITQ
 15 mai. 2017,402-4291524-5805159,https://primenow.amazon.fr/dp/B00SYWN4NG?m=AGMEOZFASZJSS&psc=1,https://images-eu.ssl-images-amazon.com/images/I/41I36j9zB6L._SS100_SCLZZZZZZZ_.jpg,2,Monster Energy Boisson �nergisante 500ml,B00SYWN4NG
 15 mai. 2017,402-4291524-5805159,https://primenow.amazon.fr/dp/B013I9P8KQ?m=AGMEOZFASZJSS&psc=1,https://images-eu.ssl-images-amazon.com/images/I/41akSOP%2BbGL._SS100_SCLZZZZZZZ_.jpg,1,Lindt Tablette Chocolat au lait Extra Fo...,B013I9P8KQ
 31 mai. 2017,402-8024394-3200300,https://primenow.amazon.fr/dp/B014PI5ACA?m=AGMEOZFASZJSS&psc=1,https://images-eu.ssl-images-amazon.com/images/I/51jhp9upR3L._SS100_SCLZZZZZZZ_.jpg,1,Barilla Sauce Tomate pour P�te Proven�al...,B014PI5ACA
 31 mai. 2017,402-8024394-3200300,https://primenow.amazon.fr/dp/B0140F0BK4?m=AGMEOZFASZJSS&psc=1,https://images-eu.ssl-images-amazon.com/images/I/51sOw7p4ghL._SS100_SCLZZZZZZZ_.jpg,1,Barilla P�tes Courtes 500 g,B0140F0BK4
 31 mai. 2017,402-8024394-3200300,https://primenow.amazon.fr/dp/B01G35XSA4?m=AGMEOZFASZJSS&psc=1,https://images-eu.ssl-images-amazon.com/images/I/41gQd1arejL._SS100_SCLZZZZZZZ_.jpg,1,Rians le Cab�cou Du P�rigord Pur Lait de...,B01G35XSA4
 31 mai. 2017,402-8024394-3200300,https://primenow.amazon.fr/dp/B0148O20R4?m=AGMEOZFASZJSS&psc=1,https://images-eu.ssl-images-amazon.com/images/I/61kXulimxnL._SS100_SCLZZZZZZZ_.jpg,1,Conn�table Thon entier au naturel 160 g,B0148O20R4
 31 mai. 2017,402-8024394-3200300,https://primenow.amazon.fr/dp/B01G5SFH5I?m=AGMEOZFASZJSS&psc=1,https://images-eu.ssl-images-amazon.com/images/I/31np6Pn8AxL._SS100_SCLZZZZZZZ_.jpg,1,Concombre Droit,B01G5SFH5I
 31 mai. 2017,402-8024394-3200300,https://primenow.amazon.fr/dp/B01NCMZFHL?m=AGMEOZFASZJSS&psc=1,https://images-eu.ssl-images-amazon.com/images/I/3159gH2eVNL._SS100_SCLZZZZZZZ_.jpg,3,Ecusson - Cidre bouch� brut Normandie - ...,B01NCMZFHL
 31 mai. 2017,402-8024394-3200300,https://primenow.amazon.fr/dp/B003U3YGP4?m=AGMEOZFASZJSS&psc=1,https://images-eu.ssl-images-amazon.com/images/I/51qVwc34%2BOL._SS100_SCLZZZZZZZ_.jpg,1,Panzani P�tes Coquillettes 3 Minutes 500...,B003U3YGP4
 31 mai. 2017,402-8024394-3200300,https://primenow.amazon.fr/dp/B009Z7FZ36?m=AGMEOZFASZJSS&psc=1,https://images-eu.ssl-images-amazon.com/images/I/510p7r1%2BBNL._SS100_SCLZZZZZZZ_.jpg,1,Barilla Sauce Tomate pour P�te Ricotta 2...,B009Z7FZ36
 31 mai. 2017,402-8024394-3200300,https://primenow.amazon.fr/dp/B01MQQSRWR?m=AGMEOZFASZJSS&psc=1,https://images-eu.ssl-images-amazon.com/images/I/51EZvWknJ-L._SS100_SCLZZZZZZZ_.jpg,2,G�ant vert Mais Extra Croquant 2 x 285 g,B01MQQSRWR
 31 mai. 2017,402-8024394-3200300,https://primenow.amazon.fr/dp/B01N5XID94?m=AGMEOZFASZJSS&psc=1,https://images-eu.ssl-images-amazon.com/images/I/41FShYmQaHL._SS100_SCLZZZZZZZ_.jpg,1,Vivaldi Mozzarella de Vache 125 g,B01N5XID94
 27 juin. 2017,402-9086398-0349102,https://primenow.amazon.fr/dp/B00F531FG0?m=AGMEOZFASZJSS&psc=1,https://images-eu.ssl-images-amazon.com/images/I/61qMWXkahxL._SS100_SCLZZZZZZZ_.jpg,1,Fleury Michon Le Jambon de Paris 4 Tranc...,B00F531FG0
 27 juin. 2017,402-9086398-0349102,https://primenow.amazon.fr/dp/B01MF59DZA?m=AGMEOZFASZJSS&psc=1,https://images-eu.ssl-images-amazon.com/images/I/51QXuNjiBkL._SS100_SCLZZZZZZZ_.jpg,1,Herta Knacki Original Saucisses Porc x 6...,B01MF59DZA
 27 juin. 2017,402-9086398-0349102,https://primenow.amazon.fr/dp/B00BFEBF86?m=AGMEOZFASZJSS&psc=1,https://images-eu.ssl-images-amazon.com/images/I/51ALlDYUJSL._SS100_SCLZZZZZZZ_.jpg,1,Lustucru S�lection Gnocchi aux Pommes de...,B00BFEBF86
 27 juin. 2017,402-9086398-0349102,https://primenow.amazon.fr/dp/B01G35XSA4?m=AGMEOZFASZJSS&psc=1,https://images-eu.ssl-images-amazon.com/images/I/41gQd1arejL._SS100_SCLZZZZZZZ_.jpg,1,Rians le Cab�cou Du P�rigord Pur Lait de...,B01G35XSA4
 27 juin. 2017,402-9086398-0349102,https://primenow.amazon.fr/dp/B009RK35SS?m=AGMEOZFASZJSS&psc=1,https://images-eu.ssl-images-amazon.com/images/I/51zqvpSBksL._SS100_SCLZZZZZZZ_.jpg,1,Fleury Michon Viande D�s d'Epaule 2 x 75...,B009RK35SS
 27 juin. 2017,402-9086398-0349102,https://primenow.amazon.fr/dp/B00SYWN4NG?m=AGMEOZFASZJSS&psc=1,https://images-eu.ssl-images-amazon.com/images/I/41I36j9zB6L._SS100_SCLZZZZZZZ_.jpg,2,Monster Energy Boisson �nergisante 500ml,B00SYWN4NG
 27 juin. 2017,402-9086398-0349102,https://primenow.amazon.fr/dp/B00CMAFS3A?m=AGMEOZFASZJSS&psc=1,https://images-eu.ssl-images-amazon.com/images/I/61DS4pn879L._SS100_SCLZZZZZZZ_.jpg,1,Le Savoureux Thon � l'huile d'olive vier...,B00CMAFS3A
 27 juin. 2017,402-9086398-0349102,https://primenow.amazon.fr/dp/B01G5KFU5I?m=AGMEOZFASZJSS&psc=1,https://images-eu.ssl-images-amazon.com/images/I/51RsXB6VFcL._SS100_SCLZZZZZZZ_.jpg,1,TARTARE Fromage Emball� Ail Fines Herbes...,B01G5KFU5I
 27 juin. 2017,402-9086398-0349102,https://primenow.amazon.fr/dp/B01G5SF5V4?m=AGMEOZFASZJSS&psc=1,https://images-eu.ssl-images-amazon.com/images/I/41Rkb74jSgL._SS100_SCLZZZZZZZ_.jpg,1,Banane 1kg Premium Selectionn�e � la Mai...,B01G5SF5V4
 27 juin. 2017,402-9086398-0349102,https://primenow.amazon.fr/dp/B01N5VJO67?m=AGMEOZFASZJSS&psc=1,https://images-eu.ssl-images-amazon.com/images/I/413i0B2xipL._SS100_SCLZZZZZZZ_.jpg,1,LA BOULANGERE Pain de Mie Toastiligne Co...,B01N5VJO67
 27 juin. 2017,402-9086398-0349102,https://primenow.amazon.fr/dp/B01G5SFWN0?m=AGMEOZFASZJSS&psc=1,https://images-eu.ssl-images-amazon.com/images/I/41kNI4E4FXL._SS100_SCLZZZZZZZ_.jpg,1,Melon Charentais,B01G5SFWN0
 27 juin. 2017,402-9086398-0349102,https://primenow.amazon.fr/dp/B01G5KFN7I?m=AGMEOZFASZJSS&psc=1,https://images-eu.ssl-images-amazon.com/images/I/51pOHNslBgL._SS100_SCLZZZZZZZ_.jpg,1,Ferrari Giovanni Fromage Emball� Ferrari...,B01G5KFN7I
 27 juin. 2017,402-9086398-0349102,https://primenow.amazon.fr/dp/B01G23JILA?m=AGMEOZFASZJSS&psc=1,https://images-eu.ssl-images-amazon.com/images/I/51EzEVQoT-L._SS100_SCLZZZZZZZ_.jpg,2,Vittel Eau Minerale Naturelle 6 x 1,5 L,B01G23JILA
 27 juin. 2017,402-9086398-0349102,https://primenow.amazon.fr/dp/B004G948PY?m=AGMEOZFASZJSS&psc=1,https://images-eu.ssl-images-amazon.com/images/I/51TI3JSE3LL._SS100_SCLZZZZZZZ_.jpg,1,Sacla  Pesto Rosso le Bocal 190g,B004G948PY
 26 mars. 2017,404-0647291-7209138,https://primenow.amazon.fr/dp/B01FXIA34G?m=AGMEOZFASZJSS&psc=1,https://images-eu.ssl-images-amazon.com/images/I/51f4HmIKdkL._SS100_SCLZZZZZZZ_.jpg,0,Kellogg's C�r�ales All Bran Fruit'n Fibr...,B01FXIA34G
 26 mars. 2017,404-0647291-7209138,https://primenow.amazon.fr/dp/B013I9P8KQ?m=AGMEOZFASZJSS&psc=1,https://images-eu.ssl-images-amazon.com/images/I/41akSOP%2BbGL._SS100_SCLZZZZZZZ_.jpg,0,Lindt Tablette Chocolat au lait Extra Fo...,B013I9P8KQ
 26 mars. 2017,404-0647291-7209138,https://primenow.amazon.fr/dp/B01M8G5BJR?m=AGMEOZFASZJSS&psc=1,https://images-eu.ssl-images-amazon.com/images/I/615kiqWIimL._SS100_SCLZZZZZZZ_.jpg,0,Herta le Bon Paris Jambon � l'�touff�e x...,B01M8G5BJR
 26 mars. 2017,404-0647291-7209138,https://primenow.amazon.fr/dp/B00A3SAEUA?m=AGMEOZFASZJSS&psc=1,https://images-eu.ssl-images-amazon.com/images/I/51k6H5mdSpL._SS100_SCLZZZZZZZ_.jpg,0,Nestl� Dessert Chocolat au caramel - 170...,B00A3SAEUA
 26 mars. 2017,404-0647291-7209138,https://primenow.amazon.fr/dp/B00VQZXG1S?m=AGMEOZFASZJSS&psc=1,https://images-eu.ssl-images-amazon.com/images/I/51fr6MIaw3L._SS100_SCLZZZZZZZ_.jpg,0,Grand Fermage Beurre aux Cristaux de Sel...,B00VQZXG1S
 26 mars. 2017,404-0647291-7209138,https://primenow.amazon.fr/dp/B01G42WK0U?m=AGMEOZFASZJSS&psc=1,https://images-eu.ssl-images-amazon.com/images/I/410rlSQSpEL._SS100_SCLZZZZZZZ_.jpg,0,Activia Fruits Abricot-Fraise-Kiwi-Mangu...,B01G42WK0U
 26 mars. 2017,404-0647291-7209138,https://primenow.amazon.fr/dp/B00GE5KK5K?m=AGMEOZFASZJSS&psc=1,https://images-eu.ssl-images-amazon.com/images/I/41HfONOcJML._SS100_SCLZZZZZZZ_.jpg,0,Lactel Lait Entier la Bouteille de 50 cl,B00GE5KK5K
 26 mars. 2017,404-0647291-7209138,https://primenow.amazon.fr/dp/B00LICIETI?m=AGMEOZFASZJSS&psc=1,https://images-eu.ssl-images-amazon.com/images/I/51pM5agm0AL._SS100_SCLZZZZZZZ_.jpg,0,Elle & Vire Cr�me Semi-Epaisse Si L�g�re...,B00LICIETI
 26 mars. 2017,404-0647291-7209138,https://primenow.amazon.fr/dp/B01G5SG7QQ?m=AGMEOZFASZJSS&psc=1,https://images-eu.ssl-images-amazon.com/images/I/31-3DOcdEkL._SS100_SCLZZZZZZZ_.jpg,0,Poireau 1 Kg,B01G5SG7QQ
 26 mars. 2017,404-0647291-7209138,https://primenow.amazon.fr/dp/B01G37Z0PI?m=AGMEOZFASZJSS&psc=1,https://images-eu.ssl-images-amazon.com/images/I/31%2BgRPaz8mL._SS100_SCLZZZZZZZ_.jpg,0,Herta Tr�sor de Grand-M�re P�te Bris�e �...,B01G37Z0PI
 26 mars. 2017,404-0647291-7209138,https://primenow.amazon.fr/dp/B01FXYBOD4?m=AGMEOZFASZJSS&psc=1,https://images-eu.ssl-images-amazon.com/images/I/51r26YbaaIL._SS100_SCLZZZZZZZ_.jpg,0,Pr�sident Fromage Emmental R�p� Fondant ...,B01FXYBOD4
 26 mars. 2017,404-0647291-7209138,https://primenow.amazon.fr/dp/B01G3P3EM6?m=AGMEOZFASZJSS&psc=1,https://images-eu.ssl-images-amazon.com/images/I/41XWA2DwauL._SS100_SCLZZZZZZZ_.jpg,0,Tropicana Pure premium r�veil fruit� 1 L,B01G3P3EM6
 26 mars. 2017,404-0647291-7209138,https://primenow.amazon.fr/dp/B00KIZHSYI?m=AGMEOZFASZJSS&psc=1,https://images-eu.ssl-images-amazon.com/images/I/416KL6K6uvL._SS100_SCLZZZZZZZ_.jpg,0,Soignon Fromage de Ch�vre Sainte Maure 2...,B00KIZHSYI
 26 mars. 2017,404-3607085-6007520,https://primenow.amazon.fr/dp/B01G37XX9S?m=AGMEOZFASZJSS&psc=1,https://images-eu.ssl-images-amazon.com/images/I/51Y02ijXGwL._SS100_SCLZZZZZZZ_.jpg,1,Herta Lardons Fum�s 204 g,B01G37XX9S
 26 mars. 2017,404-3607085-6007520,https://primenow.amazon.fr/dp/B01FXIA34G?m=AGMEOZFASZJSS&psc=1,https://images-eu.ssl-images-amazon.com/images/I/51f4HmIKdkL._SS100_SCLZZZZZZZ_.jpg,1,Kellogg's C�r�ales All Bran Fruit'n Fibr...,B01FXIA34G
 26 mars. 2017,404-3607085-6007520,https://primenow.amazon.fr/dp/B00A3SAEUA?m=AGMEOZFASZJSS&psc=1,https://images-eu.ssl-images-amazon.com/images/I/51k6H5mdSpL._SS100_SCLZZZZZZZ_.jpg,1,Nestl� Dessert Chocolat au caramel - 170...,B00A3SAEUA
 26 mars. 2017,404-3607085-6007520,https://primenow.amazon.fr/dp/B00CEZTY1U?m=AGMEOZFASZJSS&psc=1,https://images-eu.ssl-images-amazon.com/images/I/419qtDOzcfL._SS100_SCLZZZZZZZ_.jpg,1,75CL NORMANDIE CIDRE BOUCHE DOUX ECUSSON,B00CEZTY1U
 26 mars. 2017,404-3607085-6007520,https://primenow.amazon.fr/dp/B013I9P8KQ?m=AGMEOZFASZJSS&psc=1,https://images-eu.ssl-images-amazon.com/images/I/41akSOP%2BbGL._SS100_SCLZZZZZZZ_.jpg,1,Lindt Tablette Chocolat au lait Extra Fo...,B013I9P8KQ
 26 mars. 2017,404-3607085-6007520,https://primenow.amazon.fr/dp/B00GE5KK5K?m=AGMEOZFASZJSS&psc=1,https://images-eu.ssl-images-amazon.com/images/I/41HfONOcJML._SS100_SCLZZZZZZZ_.jpg,1,Lactel Lait Entier la Bouteille de 50 cl,B00GE5KK5K
 26 mars. 2017,404-3607085-6007520,https://primenow.amazon.fr/dp/B01G37Z0PI?m=AGMEOZFASZJSS&psc=1,https://images-eu.ssl-images-amazon.com/images/I/31%2BgRPaz8mL._SS100_SCLZZZZZZZ_.jpg,1,Herta Tr�sor de Grand-M�re P�te Bris�e �...,B01G37Z0PI
 26 mars. 2017,404-3607085-6007520,https://primenow.amazon.fr/dp/B01MAUG0CR?m=AGMEOZFASZJSS&psc=1,https://images-eu.ssl-images-amazon.com/images/I/616OKru3sVL._SS100_SCLZZZZZZZ_.jpg,1,Herta le Bon Paris Jambon Fum� x 4 140 g,B01MAUG0CR
 26 mars. 2017,404-3607085-6007520,https://primenow.amazon.fr/dp/B00LICIETI?m=AGMEOZFASZJSS&psc=1,https://images-eu.ssl-images-amazon.com/images/I/51pM5agm0AL._SS100_SCLZZZZZZZ_.jpg,1,Elle & Vire Cr�me Semi-Epaisse Si L�g�re...,B00LICIETI
 26 mars. 2017,404-3607085-6007520,https://primenow.amazon.fr/dp/B01G5SG7QQ?m=AGMEOZFASZJSS&psc=1,https://images-eu.ssl-images-amazon.com/images/I/31-3DOcdEkL._SS100_SCLZZZZZZZ_.jpg,1,Poireau 1 Kg,B01G5SG7QQ
 26 mars. 2017,404-3607085-6007520,https://primenow.amazon.fr/dp/B00VQZXG1S?m=AGMEOZFASZJSS&psc=1,https://images-eu.ssl-images-amazon.com/images/I/51fr6MIaw3L._SS100_SCLZZZZZZZ_.jpg,1,Grand Fermage Beurre aux Cristaux de Sel...,B00VQZXG1S
 26 mars. 2017,404-3607085-6007520,https://primenow.amazon.fr/dp/B01G35XSA4?m=AGMEOZFASZJSS&psc=1,https://images-eu.ssl-images-amazon.com/images/I/41gQd1arejL._SS100_SCLZZZZZZZ_.jpg,1,Rians le Cab�cou Du P�rigord Pur Lait de...,B01G35XSA4
 26 mars. 2017,404-3607085-6007520,https://primenow.amazon.fr/dp/B004RM96SO?m=AGMEOZFASZJSS&psc=1,https://images-eu.ssl-images-amazon.com/images/I/51o7J6B5A-L._SS100_SCLZZZZZZZ_.jpg,1,Kinder Country 9 Barres au Chocolat au L...,B004RM96SO
 26 mars. 2017,404-3607085-6007520,https://primenow.amazon.fr/dp/B01FXYBOD4?m=AGMEOZFASZJSS&psc=1,https://images-eu.ssl-images-amazon.com/images/I/51r26YbaaIL._SS100_SCLZZZZZZZ_.jpg,1,Pr�sident Fromage Emmental R�p� Fondant ...,B01FXYBOD4
 26 mars. 2017,404-3607085-6007520,https://primenow.amazon.fr/dp/B00KIZHSYI?m=AGMEOZFASZJSS&psc=1,https://images-eu.ssl-images-amazon.com/images/I/416KL6K6uvL._SS100_SCLZZZZZZZ_.jpg,1,Soignon Fromage de Ch�vre Sainte Maure 2...,B00KIZHSYI
 26 mars. 2017,404-3607085-6007520,https://primenow.amazon.fr/dp/B01G3P3EM6?m=AGMEOZFASZJSS&psc=1,https://images-eu.ssl-images-amazon.com/images/I/41XWA2DwauL._SS100_SCLZZZZZZZ_.jpg,1,Tropicana Pure premium r�veil fruit� 1 L,B01G3P3EM6
 26 mars. 2017,404-3607085-6007520,https://primenow.amazon.fr/dp/B01G42WK0U?m=AGMEOZFASZJSS&psc=1,https://images-eu.ssl-images-amazon.com/images/I/410rlSQSpEL._SS100_SCLZZZZZZZ_.jpg,1,Activia Fruits Abricot-Fraise-Kiwi-Mangu...,B01G42WK0U
 13 avr.. 2017,404-5117308-4887561,https://primenow.amazon.fr/dp/B004GUN5E8?m=AGMEOZFASZJSS&psc=1,https://images-eu.ssl-images-amazon.com/images/I/41l7L19dDsL._SS100_SCLZZZZZZZ_.jpg,1,Shaving Factory Sf228 Kit Rasage Rasoir ...,B004GUN5E8
 13 avr.. 2017,404-5117308-4887561,https://primenow.amazon.fr/dp/B00INROBFM?m=AGMEOZFASZJSS&psc=1,https://images-eu.ssl-images-amazon.com/images/I/518otUDQqsL._SS100_SCLZZZZZZZ_.jpg,1,Cao Camping Gonfleur d�gonfler 5 L,B00INROBFM
 13 avr.. 2017,404-6172202-4213921,https://primenow.amazon.fr/dp/B01G37Z0PI?m=AGMEOZFASZJSS&psc=1,https://images-eu.ssl-images-amazon.com/images/I/31%2BgRPaz8mL._SS100_SCLZZZZZZZ_.jpg,2,Herta Tr�sor de Grand-M�re P�te Bris�e �...,B01G37Z0PI
 13 avr.. 2017,404-6172202-4213921,https://primenow.amazon.fr/dp/B00CEZTY1U?m=AGMEOZFASZJSS&psc=1,https://images-eu.ssl-images-amazon.com/images/I/419qtDOzcfL._SS100_SCLZZZZZZZ_.jpg,1,75CL NORMANDIE CIDRE BOUCHE DOUX ECUSSON,B00CEZTY1U
 13 avr.. 2017,404-6172202-4213921,https://primenow.amazon.fr/dp/B01G37XX9S?m=AGMEOZFASZJSS&psc=1,https://images-eu.ssl-images-amazon.com/images/I/51Y02ijXGwL._SS100_SCLZZZZZZZ_.jpg,1,Herta Lardons Fum�s 204 g,B01G37XX9S
 13 avr.. 2017,404-6172202-4213921,https://primenow.amazon.fr/dp/B00JA8MRD6?m=AGMEOZFASZJSS&psc=1,https://images-eu.ssl-images-amazon.com/images/I/51v0lhrThUL._SS100_SCLZZZZZZZ_.jpg,1,Twix Paquet de 3 barres chocolat�es 150 ...,B00JA8MRD6
 13 avr.. 2017,404-6172202-4213921,https://primenow.amazon.fr/dp/B01FXYBOD4?m=AGMEOZFASZJSS&psc=1,https://images-eu.ssl-images-amazon.com/images/I/51r26YbaaIL._SS100_SCLZZZZZZZ_.jpg,1,Pr�sident Fromage Emmental R�p� Fondant ...,B01FXYBOD4
 13 avr.. 2017,404-6172202-4213921,https://primenow.amazon.fr/dp/B06XDG7DJJ?m=AGMEOZFASZJSS&psc=1,https://images-eu.ssl-images-amazon.com/images/I/51XT09VuGQL._SS100_SCLZZZZZZZ_.jpg,1,Lustucru Oeufs Bleu-Blanc-C�ur 6 x...,B06XDG7DJJ
 13 avr.. 2017,404-6172202-4213921,https://primenow.amazon.fr/dp/B00SYWN4NG?m=AGMEOZFASZJSS&psc=1,https://images-eu.ssl-images-amazon.com/images/I/41I36j9zB6L._SS100_SCLZZZZZZZ_.jpg,1,Monster Energy Boisson �nergisante 500ml,B00SYWN4NG
 13 avr.. 2017,404-6172202-4213921,https://primenow.amazon.fr/dp/B01NCMZFHL?m=AGMEOZFASZJSS&psc=1,https://images-eu.ssl-images-amazon.com/images/I/3159gH2eVNL._SS100_SCLZZZZZZZ_.jpg,1,Ecusson - Cidre bouch� brut Normandie - ...,B01NCMZFHL
 13 avr.. 2017,404-6172202-4213921,https://primenow.amazon.fr/dp/B00LICIETI?m=AGMEOZFASZJSS&psc=1,https://images-eu.ssl-images-amazon.com/images/I/51pM5agm0AL._SS100_SCLZZZZZZZ_.jpg,1,Elle & Vire Cr�me Semi-Epaisse Si L�g�re...,B00LICIETI
 13 avr.. 2017,404-6172202-4213921,https://primenow.amazon.fr/dp/B006VQ6KSS?m=AGMEOZFASZJSS&psc=1,https://images-eu.ssl-images-amazon.com/images/I/41oM1js6KpL._SS100_SCLZZZZZZZ_.jpg,1,Matelas Gonflable Intex Downy 2 Places,B006VQ6KSS
 5 avr.. 2017,404-9066512-7157941,https://primenow.amazon.fr/dp/B0040LJVNM?m=AGMEOZFASZJSS&psc=1,https://images-eu.ssl-images-amazon.com/images/I/41mLKkcJjnL._SS100_SCLZZZZZZZ_.jpg,1,Asmodee - MJA04 - Jeu de strat�gie - Mr ...,B0040LJVNM
 5 avr.. 2017,404-9066512-7157941,https://primenow.amazon.fr/dp/B000EGFM7Q?m=AGMEOZFASZJSS&psc=1,https://images-eu.ssl-images-amazon.com/images/I/51tCcw%2BDg%2BL._SS100_SCLZZZZZZZ_.jpg,1,Legler - 2019767 - Jeu D'�chec,B000EGFM7Q
 26 avr.. 2017,405-4108796-8234747,https://primenow.amazon.fr/dp/B01BEDOF1G?m=AGMEOZFASZJSS&psc=1,https://images-eu.ssl-images-amazon.com/images/I/41SAAilY22L._SS100_SCLZZZZZZZ_.jpg,1,Coque iPhone 5s, Spigen Coque iPhone 5S ...,B01BEDOF1G
 5 avr.. 2017,404-9066512-7157941,https://primenow.amazon.fr/dp/B010MVJK9I?m=AGMEOZFASZJSS&psc=1,https://images-eu.ssl-images-amazon.com/images/I/51pDvIk2TEL._SS100_SCLZZZZZZZ_.jpg,1,Coque iPhone 6s, Spigen� Coque iPhone 6 ...,B010MVJK9I
 15 juil.. 2017,405-7888251-3167525,https://primenow.amazon.fr/dp/B01FXICQ50?m=AGMEOZFASZJSS&psc=1,https://images-eu.ssl-images-amazon.com/images/I/5156Ott80RL._SS100_SCLZZZZZZZ_.jpg,1,Sanytol - 33631325 - Lingettes Multi-Usa...,B01FXICQ50
 15 juil.. 2017,405-7888251-3167525,https://primenow.amazon.fr/dp/B00KIZHSYI?m=AGMEOZFASZJSS&psc=1,https://images-eu.ssl-images-amazon.com/images/I/416KL6K6uvL._SS100_SCLZZZZZZZ_.jpg,1,Soignon Fromage de Ch�vre Sainte Maure 2...,B00KIZHSYI
 15 juil.. 2017,405-7888251-3167525,https://primenow.amazon.fr/dp/B01N6X7KSX?m=AGMEOZFASZJSS&psc=1,https://images-eu.ssl-images-amazon.com/images/I/41tpA5bOnQL._SS100_SCLZZZZZZZ_.jpg,3,LA BOULANGERE Baguette Pr�cuite Traditio...,B01N6X7KSX
 15 juil.. 2017,405-7888251-3167525,https://primenow.amazon.fr/dp/B06WV7HQ7L?m=AGMEOZFASZJSS&psc=1,https://images-eu.ssl-images-amazon.com/images/I/51eL%2BZaWcGL._SS100_SCLZZZZZZZ_.jpg,1,Lotus - 3 Rouleaux Essuite-tout Resist B...,B06WV7HQ7L
 15 juil.. 2017,405-7888251-3167525,https://primenow.amazon.fr/dp/B01G3P2LJI?m=AGMEOZFASZJSS&psc=1,https://images-eu.ssl-images-amazon.com/images/I/51z5ANVgpHL._SS100_SCLZZZZZZZ_.jpg,1,Findus Epinards Branches � Cr�me Fraiche...,B01G3P2LJI
 15 juil.. 2017,405-7888251-3167525,https://primenow.amazon.fr/dp/B00FZVFCDY?m=AGMEOZFASZJSS&psc=1,https://images-eu.ssl-images-amazon.com/images/I/41IrVkQ7k7L._SS100_SCLZZZZZZZ_.jpg,1,Lotus - B�tonnets Ouates Boite - 160 B�t...,B00FZVFCDY
 15 juil.. 2017,405-7888251-3167525,https://primenow.amazon.fr/dp/B01G5SEWU4?m=AGMEOZFASZJSS&psc=1,https://images-eu.ssl-images-amazon.com/images/I/41OES%2BiVhdL._SS100_SCLZZZZZZZ_.jpg,1,Abricot 1 Kg Calibre A - Promo,B01G5SEWU4
 15 juil.. 2017,405-7888251-3167525,https://primenow.amazon.fr/dp/B01N5XID94?m=AGMEOZFASZJSS&psc=1,https://images-eu.ssl-images-amazon.com/images/I/41FShYmQaHL._SS100_SCLZZZZZZZ_.jpg,1,Vivaldi Mozzarella de Vache 125 g,B01N5XID94
 15 juil.. 2017,405-7888251-3167525,https://primenow.amazon.fr/dp/B01G5C5J9S?m=AGMEOZFASZJSS&psc=1,https://images-eu.ssl-images-amazon.com/images/I/51j5-4ULLEL._SS100_SCLZZZZZZZ_.jpg,1,Volvic Eau Min�rale Naturelle Pack de 6 ...,B01G5C5J9S
 15 juil.. 2017,405-7888251-3167525,https://primenow.amazon.fr/dp/B01G5SGHV6?m=AGMEOZFASZJSS&psc=1,https://images-eu.ssl-images-amazon.com/images/I/41KQkopb-nL._SS100_SCLZZZZZZZ_.jpg,1,Tomate Ronde 4 Pieces Cal 57/67 Cat 1,B01G5SGHV6
 15 juil.. 2017,405-7888251-3167525,https://primenow.amazon.fr/dp/B00D413RE8?m=AGMEOZFASZJSS&psc=1,https://images-eu.ssl-images-amazon.com/images/I/31bO%2BCCi1tL._SS100_SCLZZZZZZZ_.jpg,1,Bonne-Maman Quatre-Quarts au Beurre Frai...,B00D413RE8
 15 juil.. 2017,405-7888251-3167525,https://primenow.amazon.fr/dp/B00BFEBF86?m=AGMEOZFASZJSS&psc=1,https://images-eu.ssl-images-amazon.com/images/I/51ALlDYUJSL._SS100_SCLZZZZZZZ_.jpg,1,Lustucru S�lection Gnocchi aux Pommes de...,B00BFEBF86
 15 juil.. 2017,405-7888251-3167525,https://primenow.amazon.fr/dp/B071FZLPTG?m=AGMEOZFASZJSS&psc=1,https://images-eu.ssl-images-amazon.com/images/I/416IwDdJI6L._SS100_SCLZZZZZZZ_.jpg,1,Herta Tr�sor de Grand M�re P�te Bris�e E...,B071FZLPTG
 15 juil.. 2017,405-7888251-3167525,https://primenow.amazon.fr/dp/B06XWRNFZZ?m=AGMEOZFASZJSS&psc=1,https://images-eu.ssl-images-amazon.com/images/I/516NAuZwSQL._SS100_SCLZZZZZZZ_.jpg,1,Scottex Papier Toilette d�cor� x 24 Roul...,B06XWRNFZZ
 15 juil.. 2017,405-7888251-3167525,https://primenow.amazon.fr/dp/B0093XG6N0?m=AGMEOZFASZJSS&psc=1,https://images-eu.ssl-images-amazon.com/images/I/513l4gqdusL._SS100_SCLZZZZZZZ_.jpg,1,Pierre Martinet mes Carottes R�p�es � la...,B0093XG6N0
 15 juil.. 2017,405-7888251-3167525,https://primenow.amazon.fr/dp/B00IEVLA74?m=AGMEOZFASZJSS&psc=1,https://images-eu.ssl-images-amazon.com/images/I/51xS3w7MOrL._SS100_SCLZZZZZZZ_.jpg,1,Tarax Gel D�boucheur 5 Min 1 L,B00IEVLA74
 15 juil.. 2017,405-7888251-3167525,https://primenow.amazon.fr/dp/B01FXYBOD4?m=AGMEOZFASZJSS&psc=1,https://images-eu.ssl-images-amazon.com/images/I/51r26YbaaIL._SS100_SCLZZZZZZZ_.jpg,1,Pr�sident Fromage Emmental R�p� Fondant ...,B01FXYBOD4
 15 juil.. 2017,405-7888251-3167525,https://primenow.amazon.fr/dp/B06XD9KNTQ?m=AGMEOZFASZJSS&psc=1,https://images-eu.ssl-images-amazon.com/images/I/51u12AoONxL._SS100_SCLZZZZZZZ_.jpg,1,Lustucru Oeufs Plein Air Bleu-Blanc-C&#x...,B06XD9KNTQ
 4 aout. 2017,405-9351568-2521151,https://primenow.amazon.fr/dp/B01J5RHD58?m=AGMEOZFASZJSS&psc=1,https://images-eu.ssl-images-amazon.com/images/I/51sB9TL2RTL._SS100_SCLZZZZZZZ_.jpg,1,Carte M�moire SDXC Sandisk Extreme Pro 6...,B01J5RHD58
 8 juil.. 2017,405-9695821-0439532,https://primenow.amazon.fr/dp/B00F19PYR4?m=AGMEOZFASZJSS&psc=1,https://images-eu.ssl-images-amazon.com/images/I/41lRHMw8OUL._SS100_SCLZZZZZZZ_.jpg,1,GoPro Fixation frontale + QuickClip pour...,B00F19PYR4
 8 juil.. 2017,405-9695821-0439532,https://primenow.amazon.fr/dp/B01HU3Q6S4?m=AGMEOZFASZJSS&psc=1,https://images-eu.ssl-images-amazon.com/images/I/41GtepC3obL._SS100_SCLZZZZZZZ_.jpg,1,Carte M�moire MicroSDXC Sandisk Extreme ...,B01HU3Q6S4
 8 juil.. 2017,405-9695821-0439532,https://primenow.amazon.fr/dp/B00KCX8H6E?m=AGMEOZFASZJSS&psc=1,https://images-eu.ssl-images-amazon.com/images/I/41wPxANa05L._SS100_SCLZZZZZZZ_.jpg,1,GoPro 3-WAY Fixation 3-en-1 pour cam�ra ...,B00KCX8H6E
 8 juil.. 2017,405-9695821-0439532,https://primenow.amazon.fr/dp/B01CTHWTQE?m=AGMEOZFASZJSS&psc=1,https://images-eu.ssl-images-amazon.com/images/I/51bWY-Koj0L._SS100_SCLZZZZZZZ_.jpg,1,AmazonBasics �tui pour GoPro - Taille XS,B01CTHWTQE
 8 juil.. 2017,405-9695821-0439532,https://primenow.amazon.fr/dp/B01LYR0AEX?m=AGMEOZFASZJSS&psc=1,https://images-eu.ssl-images-amazon.com/images/I/41MtTfOAA7L._SS100_SCLZZZZZZZ_.jpg,1,GoPro AABAT-001-EU Batterie rechargeable...,B01LYR0AEX
 9 mai. 2017,406-0539439-1982737,https://primenow.amazon.fr/dp/B003R9RFJU?m=AQCAD4RM18J0Z&psc=1,https://images-eu.ssl-images-amazon.com/images/I/417u4%2BMKYdL._SS100_SCLZZZZZZZ_.jpg,1,Filets tofu ail des ours 2x80g,B003R9RFJU
 9 mai. 2017,406-0539439-1982737,https://primenow.amazon.fr/dp/B003R9PH9K?m=AQCAD4RM18J0Z&psc=1,https://images-eu.ssl-images-amazon.com/images/I/41gxftndQlL._SS100_SCLZZZZZZZ_.jpg,1,Filets de tofu japonaise 2x80g,B003R9PH9K
 9 mai. 2017,406-0539439-1982737,https://primenow.amazon.fr/dp/B01LYHG4J8?m=AQCAD4RM18J0Z&psc=1,https://images-eu.ssl-images-amazon.com/images/I/515kWQYy%2BQL._SS100_SCLZZZZZZZ_.jpg,1,Galette v�g.bl� cplt epinard pign.2,B01LYHG4J8
 9 mai. 2017,406-0539439-1982737,https://primenow.amazon.fr/dp/B06ZZT3115?m=AQCAD4RM18J0Z&psc=1,https://images-eu.ssl-images-amazon.com/images/I/51kl7-CbdaL._SS100_SCLZZZZZZZ_.jpg,1,Kiwi Bio, 650g,B06ZZT3115
 9 mai. 2017,406-0539439-1982737,https://primenow.amazon.fr/dp/B01LY5P2Q5?m=AQCAD4RM18J0Z&psc=1,https://images-eu.ssl-images-amazon.com/images/I/51ZLgmtkKCL._SS100_SCLZZZZZZZ_.jpg,1,Grinioc orge chev miel 200g,B01LY5P2Q5
 9 mai. 2017,406-0539439-1982737,https://primenow.amazon.fr/dp/B01M0RGVRD?m=AQCAD4RM18J0Z&psc=1,https://images-eu.ssl-images-amazon.com/images/I/51aOavXTLgL._SS100_SCLZZZZZZZ_.jpg,1,Grinioc brebis tomates 2x100g,B01M0RGVRD
 9 mai. 2017,406-0539439-1982737,https://primenow.amazon.fr/dp/B06XT5G25G?m=AQCAD4RM18J0Z&psc=1,https://images-eu.ssl-images-amazon.com/images/I/516khy2F3SL._SS100_SCLZZZZZZZ_.jpg,1,Galette c�r�ales tomates-ch�vre 2x90g,B06XT5G25G
 20 avr.. 2017,406-4775922-8841946,https://primenow.amazon.fr/dp/B00BFEBF86?m=AGMEOZFASZJSS&psc=1,https://images-eu.ssl-images-amazon.com/images/I/51ALlDYUJSL._SS100_SCLZZZZZZZ_.jpg,1,Lustucru S�lection Gnocchi aux Pommes de...,B00BFEBF86
 20 avr.. 2017,406-4775922-8841946,https://primenow.amazon.fr/dp/B01G3P3VHO?m=AGMEOZFASZJSS&psc=1,https://images-eu.ssl-images-amazon.com/images/I/41iQmJpAuuL._SS100_SCLZZZZZZZ_.jpg,1,Pr�sident Beurre Tendre Doux 250 g,B01G3P3VHO
 20 avr.. 2017,406-4775922-8841946,https://primenow.amazon.fr/dp/B01M7NIEUH?m=AGMEOZFASZJSS&psc=1,https://images-eu.ssl-images-amazon.com/images/I/51G3m1c8zlL._SS100_SCLZZZZZZZ_.jpg,1,Labeyrie Ecosse 6 Tranches 200 g,B01M7NIEUH
 20 avr.. 2017,406-4775922-8841946,https://primenow.amazon.fr/dp/B00NLD3MSA?m=AGMEOZFASZJSS&psc=1,https://images-eu.ssl-images-amazon.com/images/I/51MNFY1Mq5L._SS100_SCLZZZZZZZ_.jpg,1,Destop D�boucheur Gel Javel 1 L - Lot de...,B00NLD3MSA
 20 avr.. 2017,406-4775922-8841946,https://primenow.amazon.fr/dp/B01MAUG0CR?m=AGMEOZFASZJSS&psc=1,https://images-eu.ssl-images-amazon.com/images/I/616OKru3sVL._SS100_SCLZZZZZZZ_.jpg,1,Herta le Bon Paris Jambon Fum� x 4 140 g,B01MAUG0CR
 20 avr.. 2017,406-4775922-8841946,https://primenow.amazon.fr/dp/B01G5C5J9S?m=AGMEOZFASZJSS&psc=1,https://images-eu.ssl-images-amazon.com/images/I/51j5-4ULLEL._SS100_SCLZZZZZZZ_.jpg,1,Volvic Eau Min�rale Naturelle Pack de 6 ...,B01G5C5J9S
 20 avr.. 2017,406-4775922-8841946,https://primenow.amazon.fr/dp/B01FXZLB22?m=AGMEOZFASZJSS&psc=1,https://images-eu.ssl-images-amazon.com/images/I/51QDcGZTfNL._SS100_SCLZZZZZZZ_.jpg,1,Giovanni Rana Gourmet Grand Ravioli aux ...,B01FXZLB22
 20 avr.. 2017,406-4775922-8841946,https://primenow.amazon.fr/dp/B01IBQ5UF4?m=AGMEOZFASZJSS&psc=1,https://images-eu.ssl-images-amazon.com/images/I/51bZpQC4tFL._SS100_SCLZZZZZZZ_.jpg,1,Panzani P�tes Tagliatelles Qualit� P�te ...,B01IBQ5UF4
 20 avr.. 2017,406-4775922-8841946,https://primenow.amazon.fr/dp/B01G37XX9S?m=AGMEOZFASZJSS&psc=1,https://images-eu.ssl-images-amazon.com/images/I/51Y02ijXGwL._SS100_SCLZZZZZZZ_.jpg,1,Herta Lardons Fum�s 204 g,B01G37XX9S
 20 avr.. 2017,406-4775922-8841946,https://primenow.amazon.fr/dp/B06XDG7DJJ?m=AGMEOZFASZJSS&psc=1,https://images-eu.ssl-images-amazon.com/images/I/51XT09VuGQL._SS100_SCLZZZZZZZ_.jpg,2,Lustucru Oeufs Bleu-Blanc-C�ur 6 x...,B06XDG7DJJ
 20 avr.. 2017,406-4775922-8841946,https://primenow.amazon.fr/dp/B01G5KFN7I?m=AGMEOZFASZJSS&psc=1,https://images-eu.ssl-images-amazon.com/images/I/51pOHNslBgL._SS100_SCLZZZZZZZ_.jpg,3,Ferrari Giovanni Fromage Emball� Ferrari...,B01G5KFN7I
 8 juil.. 2017,407-1312226-8498738,https://primenow.amazon.fr/dp/B01DC7127M?m=AGMEOZFASZJSS&psc=1,https://images-eu.ssl-images-amazon.com/images/I/61SHJ9DLA%2BL._SS100_SCLZZZZZZZ_.jpg,3,Fleury Michon Jambon Le Tranch� Fin � l'...,B01DC7127M
 8 juil.. 2017,407-1312226-8498738,https://primenow.amazon.fr/dp/B014JEE990?m=AGMEOZFASZJSS&psc=1,https://images-eu.ssl-images-amazon.com/images/I/51cfXAmMg3L._SS100_SCLZZZZZZZ_.jpg,1,Tropico Boisson Non Gazeuse � l'Eau de S...,B014JEE990
 8 juil.. 2017,407-1312226-8498738,https://primenow.amazon.fr/dp/B01G5SG2W0?m=AGMEOZFASZJSS&psc=1,https://images-eu.ssl-images-amazon.com/images/I/513WkeRZWML._SS100_SCLZZZZZZZ_.jpg,1,Oignon Jaune Premium 800g Calibre 60/80,B01G5SG2W0
 8 juil.. 2017,407-1312226-8498738,https://primenow.amazon.fr/dp/B008V92E8S?m=AGMEOZFASZJSS&psc=1,https://images-eu.ssl-images-amazon.com/images/I/519vffLXFnL._SS100_SCLZZZZZZZ_.jpg,1,ACTIVIA Fruits Mixes 12 x 125 g,B008V92E8S
 8 juil.. 2017,407-1312226-8498738,https://primenow.amazon.fr/dp/B071JLGL9F?m=AGMEOZFASZJSS&psc=1,https://images-eu.ssl-images-amazon.com/images/I/51iDvzKZGPL._SS100_SCLZZZZZZZ_.jpg,1,Herta P�te Cookie P�pites de Chocolat � ...,B071JLGL9F
 8 juil.. 2017,407-1312226-8498738,https://primenow.amazon.fr/dp/B01NCMZFHL?m=AGMEOZFASZJSS&psc=1,https://images-eu.ssl-images-amazon.com/images/I/3159gH2eVNL._SS100_SCLZZZZZZZ_.jpg,1,Ecusson - Cidre bouch� brut Normandie - ...,B01NCMZFHL
 8 juil.. 2017,407-1312226-8498738,https://primenow.amazon.fr/dp/B06ZYJL9XN?m=AGMEOZFASZJSS&psc=1,https://images-eu.ssl-images-amazon.com/images/I/51xa%2BTErVgL._SS100_SCLZZZZZZZ_.jpg,1,Mort Subite Bi�re Lambic aux Cerises Aro...,B06ZYJL9XN
 8 juil.. 2017,407-1312226-8498738,https://primenow.amazon.fr/dp/B01N6X7KSX?m=AGMEOZFASZJSS&psc=1,https://images-eu.ssl-images-amazon.com/images/I/41tpA5bOnQL._SS100_SCLZZZZZZZ_.jpg,2,LA BOULANGERE Baguette Pr�cuite Traditio...,B01N6X7KSX
 8 juil.. 2017,407-1312226-8498738,https://primenow.amazon.fr/dp/B00VQZXG1S?m=AGMEOZFASZJSS&psc=1,https://images-eu.ssl-images-amazon.com/images/I/51fr6MIaw3L._SS100_SCLZZZZZZZ_.jpg,1,Grand Fermage Beurre aux Cristaux de Sel...,B00VQZXG1S
 8 juil.. 2017,407-1312226-8498738,https://primenow.amazon.fr/dp/B06Y62X7K6?m=AGMEOZFASZJSS&psc=1,https://images-eu.ssl-images-amazon.com/images/I/51GLUPXOlFL._SS100_SCLZZZZZZZ_.jpg,1,Fleury Michon Nuggets V�g�tal au Soja/Bl...,B06Y62X7K6
 8 juil.. 2017,407-1312226-8498738,https://primenow.amazon.fr/dp/B06XD9KNTQ?m=AGMEOZFASZJSS&psc=1,https://images-eu.ssl-images-amazon.com/images/I/51u12AoONxL._SS100_SCLZZZZZZZ_.jpg,1,Lustucru Oeufs Plein Air Bleu-Blanc-C&#x...,B06XD9KNTQ
 8 juil.. 2017,407-1312226-8498738,https://primenow.amazon.fr/dp/B015Y13B14?m=AGMEOZFASZJSS&psc=1,https://images-eu.ssl-images-amazon.com/images/I/51eIHJML7ML._SS100_SCLZZZZZZZ_.jpg,1,Lipton Ice Tea P�che Pack de 6 Canettes ...,B015Y13B14
 8 juil.. 2017,407-1312226-8498738,https://primenow.amazon.fr/dp/B00BFEBF86?m=AGMEOZFASZJSS&psc=1,https://images-eu.ssl-images-amazon.com/images/I/51ALlDYUJSL._SS100_SCLZZZZZZZ_.jpg,1,Lustucru S�lection Gnocchi aux Pommes de...,B00BFEBF86
 8 juil.. 2017,407-1312226-8498738,https://primenow.amazon.fr/dp/B072MDTBBN?m=AGMEOZFASZJSS&psc=1,https://images-eu.ssl-images-amazon.com/images/I/61tBXxgIlkL._SS100_SCLZZZZZZZ_.jpg,2,Herta Lardons Nature 200 g,B072MDTBBN
 8 juil.. 2017,407-1312226-8498738,https://primenow.amazon.fr/dp/B003VYVVHS?m=AGMEOZFASZJSS&psc=1,https://images-eu.ssl-images-amazon.com/images/I/41JVRxkZaHL._SS100_SCLZZZZZZZ_.jpg,1,Nutella P�te � Tartiner aux Noisettes/au...,B003VYVVHS
 8 juil.. 2017,407-1312226-8498738,https://primenow.amazon.fr/dp/B01N4U9GK4?m=AGMEOZFASZJSS&psc=1,https://images-eu.ssl-images-amazon.com/images/I/418MX3Okj9L._SS100_SCLZZZZZZZ_.jpg,1,LA BOULANGERE G�che Tranch�e 400 g,B01N4U9GK4
 8 juil.. 2017,407-1312226-8498738,https://primenow.amazon.fr/dp/B01FXYBOD4?m=AGMEOZFASZJSS&psc=1,https://images-eu.ssl-images-amazon.com/images/I/51r26YbaaIL._SS100_SCLZZZZZZZ_.jpg,1,Pr�sident Fromage Emmental R�p� Fondant ...,B01FXYBOD4
 8 juil.. 2017,407-1312226-8498738,https://primenow.amazon.fr/dp/B071FZLPTG?m=AGMEOZFASZJSS&psc=1,https://images-eu.ssl-images-amazon.com/images/I/416IwDdJI6L._SS100_SCLZZZZZZZ_.jpg,1,Herta Tr�sor de Grand M�re P�te Bris�e E...,B071FZLPTG
 8 juil.. 2017,407-1312226-8498738,https://primenow.amazon.fr/dp/B01G5C5J9S?m=AGMEOZFASZJSS&psc=1,https://images-eu.ssl-images-amazon.com/images/I/51j5-4ULLEL._SS100_SCLZZZZZZZ_.jpg,1,Volvic Eau Min�rale Naturelle Pack de 6 ...,B01G5C5J9S
 8 juil.. 2017,407-1312226-8498738,https://primenow.amazon.fr/dp/B06XG22X3W?m=AGMEOZFASZJSS&psc=1,https://images-eu.ssl-images-amazon.com/images/I/51v11wibOUL._SS100_SCLZZZZZZZ_.jpg,1,Saint Loup Buche Affin�e de Ch�vre 180 g,B06XG22X3W
 8 juil.. 2017,407-1312226-8498738,https://primenow.amazon.fr/dp/B071G3GBW9?m=AGMEOZFASZJSS&psc=1,https://images-eu.ssl-images-amazon.com/images/I/41zOvKowQQL._SS100_SCLZZZZZZZ_.jpg,1,Diadermine Lotion Micellaire Apaisante 4...,B071G3GBW9
 8 juil.. 2017,407-1312226-8498738,https://primenow.amazon.fr/dp/B06Y5Z3XX3?m=AGMEOZFASZJSS&psc=1,https://images-eu.ssl-images-amazon.com/images/I/61kgij8IpVL._SS100_SCLZZZZZZZ_.jpg,1,Fleury Michon V�g�tal Falafels aux Pois ...,B06Y5Z3XX3
 8 juil.. 2017,407-1312226-8498738,https://primenow.amazon.fr/dp/B072JT9D49?m=AGMEOZFASZJSS&psc=1,https://images-eu.ssl-images-amazon.com/images/I/51NwzbJbDaL._SS100_SCLZZZZZZZ_.jpg,1,Lou� Poulet Fermier Jaune 1,250 kg,B072JT9D49
 8 juil.. 2017,407-1312226-8498738,https://primenow.amazon.fr/dp/B01G5SGEZ0?m=AGMEOZFASZJSS&psc=1,https://images-eu.ssl-images-amazon.com/images/I/41uckF7h92L._SS100_SCLZZZZZZZ_.jpg,1,Tomate Cerise Rouge Bio 250g Cat 2 - Pro...,B01G5SGEZ0
 8 juil.. 2017,407-1312226-8498738,https://primenow.amazon.fr/dp/B01G5SG5A4?m=AGMEOZFASZJSS&psc=1,https://images-eu.ssl-images-amazon.com/images/I/410Cug6lfOL._SS100_SCLZZZZZZZ_.jpg,1,Pomme de Terre Charlotte Bio 1 Kg,B01G5SG5A4
 19 juil.. 2017,407-2606442-2373965,https://primenow.amazon.fr/dp/B01G37UUWG?m=AGMEOZFASZJSS&psc=1,https://images-eu.ssl-images-amazon.com/images/I/41UOUoklG4L._SS100_SCLZZZZZZZ_.jpg,1,Brioche Pasquier Pains au Lait au Levain...,B01G37UUWG
 19 juil.. 2017,407-2606442-2373965,https://primenow.amazon.fr/dp/B06XG22X3W?m=AGMEOZFASZJSS&psc=1,https://images-eu.ssl-images-amazon.com/images/I/51v11wibOUL._SS100_SCLZZZZZZZ_.jpg,1,Saint Loup Buche Affin�e de Ch�vre 180 g,B06XG22X3W
 19 juil.. 2017,407-2606442-2373965,https://primenow.amazon.fr/dp/B06ZYJL9XN?m=AGMEOZFASZJSS&psc=1,https://images-eu.ssl-images-amazon.com/images/I/51xa%2BTErVgL._SS100_SCLZZZZZZZ_.jpg,2,Mort Subite Bi�re Lambic aux Cerises Aro...,B06ZYJL9XN
 19 juil.. 2017,407-2606442-2373965,https://primenow.amazon.fr/dp/B00BFEBF86?m=AGMEOZFASZJSS&psc=1,https://images-eu.ssl-images-amazon.com/images/I/51ALlDYUJSL._SS100_SCLZZZZZZZ_.jpg,1,Lustucru S�lection Gnocchi aux Pommes de...,B00BFEBF86
 19 juil.. 2017,407-2606442-2373965,https://primenow.amazon.fr/dp/B0093XG6N0?m=AGMEOZFASZJSS&psc=1,https://images-eu.ssl-images-amazon.com/images/I/513l4gqdusL._SS100_SCLZZZZZZZ_.jpg,1,Pierre Martinet mes Carottes R�p�es � la...,B0093XG6N0
 19 juil.. 2017,407-2606442-2373965,https://primenow.amazon.fr/dp/B06Y62X7K6?m=AGMEOZFASZJSS&psc=1,https://images-eu.ssl-images-amazon.com/images/I/51GLUPXOlFL._SS100_SCLZZZZZZZ_.jpg,1,Fleury Michon Nuggets V�g�tal au Soja/Bl...,B06Y62X7K6
 19 juil.. 2017,407-2606442-2373965,https://primenow.amazon.fr/dp/B01N5VJO67?m=AGMEOZFASZJSS&psc=1,https://images-eu.ssl-images-amazon.com/images/I/413i0B2xipL._SS100_SCLZZZZZZZ_.jpg,1,LA BOULANGERE Pain de Mie Toastiligne Co...,B01N5VJO67
 19 juil.. 2017,407-2606442-2373965,https://primenow.amazon.fr/dp/B071FZLPTG?m=AGMEOZFASZJSS&psc=1,https://images-eu.ssl-images-amazon.com/images/I/416IwDdJI6L._SS100_SCLZZZZZZZ_.jpg,1,Herta Tr�sor de Grand M�re P�te Bris�e E...,B071FZLPTG
 19 juil.. 2017,407-2606442-2373965,https://primenow.amazon.fr/dp/B01FXYBOD4?m=AGMEOZFASZJSS&psc=1,https://images-eu.ssl-images-amazon.com/images/I/51r26YbaaIL._SS100_SCLZZZZZZZ_.jpg,1,Pr�sident Fromage Emmental R�p� Fondant ...,B01FXYBOD4
 19 juil.. 2017,407-2606442-2373965,https://primenow.amazon.fr/dp/B01G5C5J9S?m=AGMEOZFASZJSS&psc=1,https://images-eu.ssl-images-amazon.com/images/I/51j5-4ULLEL._SS100_SCLZZZZZZZ_.jpg,2,Volvic Eau Min�rale Naturelle Pack de 6 ...,B01G5C5J9S
 19 juil.. 2017,407-2606442-2373965,https://primenow.amazon.fr/dp/B01DC7127M?m=AGMEOZFASZJSS&psc=1,https://images-eu.ssl-images-amazon.com/images/I/61SHJ9DLA%2BL._SS100_SCLZZZZZZZ_.jpg,1,Fleury Michon Jambon Le Tranch� Fin � l'...,B01DC7127M
 1 aout. 2017,407-3424968-4768355,https://primenow.amazon.fr/dp/B06XD9KNTQ?m=AGMEOZFASZJSS&psc=1,https://images-eu.ssl-images-amazon.com/images/I/51u12AoONxL._SS100_SCLZZZZZZZ_.jpg,1,Lustucru Oeufs Plein Air Bleu-Blanc-C&#x...,B06XD9KNTQ
 1 aout. 2017,407-3424968-4768355,https://primenow.amazon.fr/dp/B00BFEBF86?m=AGMEOZFASZJSS&psc=1,https://images-eu.ssl-images-amazon.com/images/I/51ALlDYUJSL._SS100_SCLZZZZZZZ_.jpg,1,Lustucru S�lection Gnocchi aux Pommes de...,B00BFEBF86
 1 aout. 2017,407-3424968-4768355,https://primenow.amazon.fr/dp/B071JLGL9F?m=AGMEOZFASZJSS&psc=1,https://images-eu.ssl-images-amazon.com/images/I/51iDvzKZGPL._SS100_SCLZZZZZZZ_.jpg,1,Herta P�te Cookie P�pites de Chocolat � ...,B071JLGL9F
 1 aout. 2017,407-3424968-4768355,https://primenow.amazon.fr/dp/B01G35XSA4?m=AGMEOZFASZJSS&psc=1,https://images-eu.ssl-images-amazon.com/images/I/41gQd1arejL._SS100_SCLZZZZZZZ_.jpg,1,Rians le Cab�cou Du P�rigord Pur Lait de...,B01G35XSA4
 1 aout. 2017,407-3424968-4768355,https://primenow.amazon.fr/dp/B0093XG6N0?m=AGMEOZFASZJSS&psc=1,https://images-eu.ssl-images-amazon.com/images/I/513l4gqdusL._SS100_SCLZZZZZZZ_.jpg,1,Pierre Martinet mes Carottes R�p�es � la...,B0093XG6N0
 1 aout. 2017,407-3424968-4768355,https://primenow.amazon.fr/dp/B00VQZXG1S?m=AGMEOZFASZJSS&psc=1,https://images-eu.ssl-images-amazon.com/images/I/51fr6MIaw3L._SS100_SCLZZZZZZZ_.jpg,1,Grand Fermage Beurre aux Cristaux de Sel...,B00VQZXG1S
 1 aout. 2017,407-3424968-4768355,https://primenow.amazon.fr/dp/B014TBKEC4?m=AGMEOZFASZJSS&psc=1,https://images-eu.ssl-images-amazon.com/images/I/41SE3wRbyaL._SS100_SCLZZZZZZZ_.jpg,1,Pitters Porto blanc 75 cl,B014TBKEC4
 1 aout. 2017,407-3424968-4768355,https://primenow.amazon.fr/dp/B06WV7HQ7L?m=AGMEOZFASZJSS&psc=1,https://images-eu.ssl-images-amazon.com/images/I/51eL%2BZaWcGL._SS100_SCLZZZZZZZ_.jpg,1,Lotus - 3 Rouleaux Essuite-tout Resist B...,B06WV7HQ7L
 1 aout. 2017,407-3424968-4768355,https://primenow.amazon.fr/dp/B009WMRAQE?m=AGMEOZFASZJSS&psc=1,https://images-eu.ssl-images-amazon.com/images/I/51Rpv%2Bq2uwL._SS100_SCLZZZZZZZ_.jpg,1,Le Gaulois Poulet Beignets 200 g,B009WMRAQE
 1 aout. 2017,407-3424968-4768355,https://primenow.amazon.fr/dp/B01G5KFN7I?m=AGMEOZFASZJSS&psc=1,https://images-eu.ssl-images-amazon.com/images/I/51pOHNslBgL._SS100_SCLZZZZZZZ_.jpg,1,Ferrari Giovanni Fromage Emball� Ferrari...,B01G5KFN7I
 1 aout. 2017,407-3424968-4768355,https://primenow.amazon.fr/dp/B01G23JILA?m=AGMEOZFASZJSS&psc=1,https://images-eu.ssl-images-amazon.com/images/I/51EzEVQoT-L._SS100_SCLZZZZZZZ_.jpg,2,Vittel Eau Minerale Naturelle 6 x 1,5 L,B01G23JILA
 1 aout. 2017,407-3424968-4768355,https://primenow.amazon.fr/dp/B0054L12W0?m=AGMEOZFASZJSS&psc=1,https://images-eu.ssl-images-amazon.com/images/I/51kgIfq01bL._SS100_SCLZZZZZZZ_.jpg,1,Heinz Tomato Ketchup en Flacon Souple 22...,B0054L12W0
 1 aout. 2017,407-3424968-4768355,https://primenow.amazon.fr/dp/B06XS93821?m=AGMEOZFASZJSS&psc=1,https://images-eu.ssl-images-amazon.com/images/I/512REPlaUGL._SS100_SCLZZZZZZZ_.jpg,1,Findus Pommes Noisettes 400 g,B06XS93821
 24 mai. 2017,407-3709167-0349922,https://primenow.amazon.fr/dp/B01G37Z0PI?m=AGMEOZFASZJSS&psc=1,https://images-eu.ssl-images-amazon.com/images/I/31%2BgRPaz8mL._SS100_SCLZZZZZZZ_.jpg,1,Herta Tr�sor de Grand-M�re P�te Bris�e �...,B01G37Z0PI
 24 mai. 2017,407-3709167-0349922,https://primenow.amazon.fr/dp/B0148OBEZI?m=AGMEOZFASZJSS&psc=1,https://images-eu.ssl-images-amazon.com/images/I/51OgaI3TNqL._SS100_SCLZZZZZZZ_.jpg,2,Maggi Pur�e Mousline 125 g,B0148OBEZI
 24 mai. 2017,407-3709167-0349922,https://primenow.amazon.fr/dp/B01G5SGHV6?m=AGMEOZFASZJSS&psc=1,https://images-eu.ssl-images-amazon.com/images/I/41KQkopb-nL._SS100_SCLZZZZZZZ_.jpg,1,Tomate Ronde 4 Pieces Cal 57/67 Cat 1,B01G5SGHV6
 24 mai. 2017,407-3709167-0349922,https://primenow.amazon.fr/dp/B00KIZHSYI?m=AGMEOZFASZJSS&psc=1,https://images-eu.ssl-images-amazon.com/images/I/416KL6K6uvL._SS100_SCLZZZZZZZ_.jpg,1,Soignon Fromage de Ch�vre Sainte Maure 2...,B00KIZHSYI
 24 mai. 2017,407-3709167-0349922,https://primenow.amazon.fr/dp/B01MAUFRIQ?m=AGMEOZFASZJSS&psc=1,https://images-eu.ssl-images-amazon.com/images/I/518IFBVPh0L._SS100_SCLZZZZZZZ_.jpg,1,Herta le Bon V�g�tal Steak Soja & Bl� 15...,B01MAUFRIQ
 24 mai. 2017,407-3709167-0349922,https://primenow.amazon.fr/dp/B004Z59PHK?m=AGMEOZFASZJSS&psc=1,https://images-eu.ssl-images-amazon.com/images/I/51Yxv8Qe-kL._SS100_SCLZZZZZZZ_.jpg,1,Belvita Biscuits Petit D�jeuner Brut 5 C...,B004Z59PHK
 24 mai. 2017,407-3709167-0349922,https://primenow.amazon.fr/dp/B01FXYBOD4?m=AGMEOZFASZJSS&psc=1,https://images-eu.ssl-images-amazon.com/images/I/51r26YbaaIL._SS100_SCLZZZZZZZ_.jpg,1,Pr�sident Fromage Emmental R�p� Fondant ...,B01FXYBOD4
 24 mai. 2017,407-3709167-0349922,https://primenow.amazon.fr/dp/B01G35XSA4?m=AGMEOZFASZJSS&psc=1,https://images-eu.ssl-images-amazon.com/images/I/41gQd1arejL._SS100_SCLZZZZZZZ_.jpg,1,Rians le Cab�cou Du P�rigord Pur Lait de...,B01G35XSA4
 24 mai. 2017,407-3709167-0349922,https://primenow.amazon.fr/dp/B00M0P5K2Q?m=AGMEOZFASZJSS&psc=1,https://images-eu.ssl-images-amazon.com/images/I/51Tx6pKn6NL._SS100_SCLZZZZZZZ_.jpg,1,Saint Albray Fromage Emball� Gourmand 20...,B00M0P5K2Q
 24 mai. 2017,407-3709167-0349922,https://primenow.amazon.fr/dp/B01G23JVCQ?m=AGMEOZFASZJSS&psc=1,https://images-eu.ssl-images-amazon.com/images/I/51faehhe2gL._SS100_SCLZZZZZZZ_.jpg,1,Sojasun Dessert V�g�tal Framboise Passio...,B01G23JVCQ
 24 mai. 2017,407-3709167-0349922,https://primenow.amazon.fr/dp/B00FGYOMGI?m=AGMEOZFASZJSS&psc=1,https://images-eu.ssl-images-amazon.com/images/I/51-1k6i00hL._SS100_SCLZZZZZZZ_.jpg,1,LU Belvita Petit D�jeuner Le Tartin� go�...,B00FGYOMGI
 24 mai. 2017,407-3709167-0349922,https://primenow.amazon.fr/dp/B004QNV0KG?m=AGMEOZFASZJSS&psc=1,https://images-eu.ssl-images-amazon.com/images/I/51fgLTI7gsL._SS100_SCLZZZZZZZ_.jpg,1,Barilla Tortellini P�tes fourr�es au jam...,B004QNV0KG
 24 mai. 2017,407-3709167-0349922,https://primenow.amazon.fr/dp/B01MAUG0CR?m=AGMEOZFASZJSS&psc=1,https://images-eu.ssl-images-amazon.com/images/I/616OKru3sVL._SS100_SCLZZZZZZZ_.jpg,1,Herta le Bon Paris Jambon Fum� x 4 140 g,B01MAUG0CR
 24 mai. 2017,407-3709167-0349922,https://primenow.amazon.fr/dp/B00DM4MDME?m=AGMEOZFASZJSS&psc=1,https://images-eu.ssl-images-amazon.com/images/I/317c2klCWoL._SS100_SCLZZZZZZZ_.jpg,1,Dessange - Mousse de Coiffage Boucles Sc...,B00DM4MDME
 24 mai. 2017,407-3709167-0349922,https://primenow.amazon.fr/dp/B01G3P2EZE?m=AGMEOZFASZJSS&psc=1,https://images-eu.ssl-images-amazon.com/images/I/51Q%2By%2BWPEbL._SS100_SCLZZZZZZZ_.jpg,1,Sojasun Dessert V�g�tal Vanille 4 x 100 ...,B01G3P2EZE
 24 mai. 2017,407-3709167-0349922,https://primenow.amazon.fr/dp/B018B2YOZA?m=AGMEOZFASZJSS&psc=1,https://images-eu.ssl-images-amazon.com/images/I/41rdnbmPe3L._SS100_SCLZZZZZZZ_.jpg,1,L'Or�al Paris Magic Retouch Spray Retouc...,B018B2YOZA
 24 mai. 2017,407-3709167-0349922,https://primenow.amazon.fr/dp/B00X5LBC6C?m=AGMEOZFASZJSS&psc=1,https://images-eu.ssl-images-amazon.com/images/I/51EJiYaSA1L._SS100_SCLZZZZZZZ_.jpg,1,Revlon Orofluido Masque Pour Cheveux 250...,B00X5LBC6C
 24 mai. 2017,407-3709167-0349922,https://primenow.amazon.fr/dp/B0006V3S3E?m=AGMEOZFASZJSS&psc=1,https://images-eu.ssl-images-amazon.com/images/I/41VzM1O63QL._SS100_SCLZZZZZZZ_.jpg,1,Andros Jus Pasteuris� de Pommes Press�es...,B0006V3S3E
 24 mai. 2017,407-3709167-0349922,https://primenow.amazon.fr/dp/B008EJQ0HQ?m=AGMEOZFASZJSS&psc=1,https://images-eu.ssl-images-amazon.com/images/I/31ONQToiDwL._SS100_SCLZZZZZZZ_.jpg,1,MEDICI ERMETE Italie Vin Rouge Lambrusco...,B008EJQ0HQ
 24 mai. 2017,407-3709167-0349922,https://primenow.amazon.fr/dp/B01G5C5J9S?m=AGMEOZFASZJSS&psc=1,https://images-eu.ssl-images-amazon.com/images/I/51j5-4ULLEL._SS100_SCLZZZZZZZ_.jpg,1,Volvic Eau Min�rale Naturelle Pack de 6 ...,B01G5C5J9S
 24 mai. 2017,407-3709167-0349922,https://primenow.amazon.fr/dp/B01M4GG4D7?m=AGMEOZFASZJSS&psc=1,https://images-eu.ssl-images-amazon.com/images/I/51%2BviQtaQPL._SS100_SCLZZZZZZZ_.jpg,1,Herta le Bon V�g�tal Carr� Gourmand Toma...,B01M4GG4D7
 24 mai. 2017,407-3709167-0349922,https://primenow.amazon.fr/dp/B01NCMZFHL?m=AGMEOZFASZJSS&psc=1,https://images-eu.ssl-images-amazon.com/images/I/3159gH2eVNL._SS100_SCLZZZZZZZ_.jpg,2,Ecusson - Cidre bouch� brut Normandie - ...,B01NCMZFHL
 24 mai. 2017,407-3709167-0349922,https://primenow.amazon.fr/dp/B01N0SKDOH?m=AGMEOZFASZJSS&psc=1,https://images-eu.ssl-images-amazon.com/images/I/51r6hYHzxBL._SS100_SCLZZZZZZZ_.jpg,1,Lustucru Lentilles Vertes/Jaunes Sachet ...,B01N0SKDOH
 24 mai. 2017,407-3709167-0349922,https://primenow.amazon.fr/dp/B00BFEBF86?m=AGMEOZFASZJSS&psc=1,https://images-eu.ssl-images-amazon.com/images/I/51ALlDYUJSL._SS100_SCLZZZZZZZ_.jpg,1,Lustucru S�lection Gnocchi aux Pommes de...,B00BFEBF86
 24 mai. 2017,407-3709167-0349922,https://primenow.amazon.fr/dp/B06XCTFKJV?m=AGMEOZFASZJSS&psc=1,https://images-eu.ssl-images-amazon.com/images/I/514iSC6B%2BcL._SS100_SCLZZZZZZZ_.jpg,1,Kleenex Balsam Baume Calendula x 36 Gran...,B06XCTFKJV
 24 mai. 2017,407-3709167-0349922,https://primenow.amazon.fr/dp/B00LICIETI?m=AGMEOZFASZJSS&psc=1,https://images-eu.ssl-images-amazon.com/images/I/51pM5agm0AL._SS100_SCLZZZZZZZ_.jpg,1,Elle & Vire Cr�me Semi-Epaisse Si L�g�re...,B00LICIETI
 24 mai. 2017,407-3709167-0349922,https://primenow.amazon.fr/dp/B01M2V1OKD?m=AGMEOZFASZJSS&psc=1,https://images-eu.ssl-images-amazon.com/images/I/51VAJc5I-ML._SS100_SCLZZZZZZZ_.jpg,1,Herta le Bon V�g�tal Escalope Soja & Bl�...,B01M2V1OKD
 3 aout. 2017,407-3903591-1310731,https://primenow.amazon.fr/dp/B01304U458?m=AGMEOZFASZJSS&psc=1,https://images-eu.ssl-images-amazon.com/images/I/41u-cLR39IL._SS100_SCLZZZZZZZ_.jpg,1,Narta D�odorant Bille Bio-Efficacit� pou...,B01304U458
 3 aout. 2017,407-3903591-1310731,https://primenow.amazon.fr/dp/B00SYWN4NG?m=AGMEOZFASZJSS&psc=1,https://images-eu.ssl-images-amazon.com/images/I/41I36j9zB6L._SS100_SCLZZZZZZZ_.jpg,1,Monster Energy Boisson �nergisante 500ml,B00SYWN4NG
 3 aout. 2017,407-3903591-1310731,https://primenow.amazon.fr/dp/B004S7Q8CA?m=AGMEOZFASZJSS&psc=1,https://images-eu.ssl-images-amazon.com/images/I/41rElJFmIyL._SS100_SCLZZZZZZZ_.jpg,1,JVC Xtr�me Xplosives HA-FX1X- Ecouteurs ...,B004S7Q8CA
 9 mai. 2017,407-5373655-5058743,https://primenow.amazon.fr/dp/B00LO88AMC?m=AGMEOZFASZJSS&psc=1,https://images-eu.ssl-images-amazon.com/images/I/31NPKEHolLL._SS100_SCLZZZZZZZ_.jpg,1,Luminarc 7276010 Verres � Pied Vin Verre...,B00LO88AMC
 9 mai. 2017,407-5373655-5058743,https://primenow.amazon.fr/dp/B0063ZTYU8?m=AGMEOZFASZJSS&psc=1,https://images-eu.ssl-images-amazon.com/images/I/51bB8rG%2B-GL._SS100_SCLZZZZZZZ_.jpg,2,Cassegrain Petits Pois Carottes la bo�te...,B0063ZTYU8
 9 mai. 2017,407-5373655-5058743,https://primenow.amazon.fr/dp/B01MFAANBE?m=AGMEOZFASZJSS&psc=1,https://images-eu.ssl-images-amazon.com/images/I/416VmQ5vwCL._SS100_SCLZZZZZZZ_.jpg,1,Potimarron une piece,B01MFAANBE
 9 mai. 2017,407-5373655-5058743,https://primenow.amazon.fr/dp/B00W5HHVEO?m=AGMEOZFASZJSS&psc=1,https://images-eu.ssl-images-amazon.com/images/I/51wxSpgEtzL._SS100_SCLZZZZZZZ_.jpg,1,D'Aucy Haricots Verts Extra Fins 750 g,B00W5HHVEO
 16 aout. 2017,407-6196820-6705167,https://primenow.amazon.fr/dp/B00K53EH4W?m=AGMEOZFASZJSS&psc=1,https://images-eu.ssl-images-amazon.com/images/I/51vaOwh7WCL._SS100_SCLZZZZZZZ_.jpg,1,Salade & Cie Roma 320g,B00K53EH4W
 16 aout. 2017,407-6196820-6705167,https://primenow.amazon.fr/dp/B06ZYJL9XN?m=AGMEOZFASZJSS&psc=1,https://images-eu.ssl-images-amazon.com/images/I/51xa%2BTErVgL._SS100_SCLZZZZZZZ_.jpg,3,Mort Subite Bi�re Lambic aux Cerises Aro...,B06ZYJL9XN
 16 aout. 2017,407-6196820-6705167,https://primenow.amazon.fr/dp/B01H28LCOU?m=AGMEOZFASZJSS&psc=1,https://images-eu.ssl-images-amazon.com/images/I/41vbMzw%2BZOL._SS100_SCLZZZZZZZ_.jpg,1,Dar�gal Persil Coup�e 50 g,B01H28LCOU
 16 aout. 2017,407-6196820-6705167,https://primenow.amazon.fr/dp/B06XG22X3W?m=AGMEOZFASZJSS&psc=1,https://images-eu.ssl-images-amazon.com/images/I/51v11wibOUL._SS100_SCLZZZZZZZ_.jpg,1,Saint Loup Buche Affin�e de Ch�vre 180 g,B06XG22X3W
 16 aout. 2017,407-6196820-6705167,https://primenow.amazon.fr/dp/B01G5SGEZ0?m=AGMEOZFASZJSS&psc=1,https://images-eu.ssl-images-amazon.com/images/I/41uckF7h92L._SS100_SCLZZZZZZZ_.jpg,1,Tomate Cerise Rouge Bio 250g Cat 2,B01G5SGEZ0
 16 aout. 2017,407-6196820-6705167,https://primenow.amazon.fr/dp/B01N9XYBQR?m=AGMEOZFASZJSS&psc=1,https://images-eu.ssl-images-amazon.com/images/I/41FAvWHAZVL._SS100_SCLZZZZZZZ_.jpg,1,LA BOULANGERE Brioche Extra Moelleuse Tr...,B01N9XYBQR
 16 aout. 2017,407-6196820-6705167,https://primenow.amazon.fr/dp/B072JSY51Q?m=AGMEOZFASZJSS&psc=1,https://images-eu.ssl-images-amazon.com/images/I/61ObmsgewhL._SS100_SCLZZZZZZZ_.jpg,1,Herta Lardons Fum�s 200 g,B072JSY51Q
 16 aout. 2017,407-6196820-6705167,https://primenow.amazon.fr/dp/B072R19NYB?m=AGMEOZFASZJSS&psc=1,https://images-eu.ssl-images-amazon.com/images/I/51G%2BIgzLkcL._SS100_SCLZZZZZZZ_.jpg,1,Lustucru Frais Gnocchi � Po�ler XXL 705 ...,B072R19NYB
 16 aout. 2017,407-6196820-6705167,https://primenow.amazon.fr/dp/B01FXYBOD4?m=AGMEOZFASZJSS&psc=1,https://images-eu.ssl-images-amazon.com/images/I/51r26YbaaIL._SS100_SCLZZZZZZZ_.jpg,1,Pr�sident Fromage Emmental R�p� Fondant ...,B01FXYBOD4
 16 aout. 2017,407-6196820-6705167,https://primenow.amazon.fr/dp/B01N6KY0QE?m=AGMEOZFASZJSS&psc=1,https://images-eu.ssl-images-amazon.com/images/I/41u-avjMYLL._SS100_SCLZZZZZZZ_.jpg,1,Pomme de Terre Ratte 20/120g Cat.1 1 kg ...,B01N6KY0QE
 20 juin. 2017,407-6363799-0593943,https://primenow.amazon.fr/dp/B00MQACW7Q?m=AGMEOZFASZJSS&psc=1,https://images-eu.ssl-images-amazon.com/images/I/414bcOA1UCL._SS100_SCLZZZZZZZ_.jpg,1,Mixa B�b� Lingettes au Lait 72 unit�s,B00MQACW7Q
 20 juin. 2017,407-6363799-0593943,https://primenow.amazon.fr/dp/B01G35XSA4?m=AGMEOZFASZJSS&psc=1,https://images-eu.ssl-images-amazon.com/images/I/41gQd1arejL._SS100_SCLZZZZZZZ_.jpg,1,Rians le Cab�cou Du P�rigord Pur Lait de...,B01G35XSA4
 20 juin. 2017,407-6363799-0593943,https://primenow.amazon.fr/dp/B01G5SGEZ0?m=AGMEOZFASZJSS&psc=1,https://images-eu.ssl-images-amazon.com/images/I/41uckF7h92L._SS100_SCLZZZZZZZ_.jpg,1,Tomate Cerise Rouge BIO 250g Cat 2,B01G5SGEZ0
 20 juin. 2017,407-6363799-0593943,https://primenow.amazon.fr/dp/B01N6X7KSX?m=AGMEOZFASZJSS&psc=1,https://images-eu.ssl-images-amazon.com/images/I/41tpA5bOnQL._SS100_SCLZZZZZZZ_.jpg,1,LA BOULANGERE Baguette Pr�cuite Traditio...,B01N6X7KSX
 20 juin. 2017,407-6363799-0593943,https://primenow.amazon.fr/dp/B01G23JILA?m=AGMEOZFASZJSS&psc=1,https://images-eu.ssl-images-amazon.com/images/I/51EzEVQoT-L._SS100_SCLZZZZZZZ_.jpg,1,Vittel Eau Minerale Naturelle 6 x 1,5 L,B01G23JILA
 20 juin. 2017,407-6363799-0593943,https://primenow.amazon.fr/dp/B071XV1QWX?m=AGMEOZFASZJSS&psc=1,https://images-eu.ssl-images-amazon.com/images/I/51rmobJ-iWL._SS100_SCLZZZZZZZ_.jpg,1,Actimel Yaourt Original 12 x 100 g,B071XV1QWX
 20 juin. 2017,407-6363799-0593943,https://primenow.amazon.fr/dp/B01N5VJO67?m=AGMEOZFASZJSS&psc=1,https://images-eu.ssl-images-amazon.com/images/I/413i0B2xipL._SS100_SCLZZZZZZZ_.jpg,1,LA BOULANGERE Pain de Mie Toastiligne Co...,B01N5VJO67
 20 juin. 2017,407-6363799-0593943,https://primenow.amazon.fr/dp/B01G37UUWG?m=AGMEOZFASZJSS&psc=1,https://images-eu.ssl-images-amazon.com/images/I/41UOUoklG4L._SS100_SCLZZZZZZZ_.jpg,1,Brioche Pasquier Pains au Lait au Levain...,B01G37UUWG
 20 juin. 2017,407-6363799-0593943,https://primenow.amazon.fr/dp/B00CEZTY1U?m=AGMEOZFASZJSS&psc=1,https://images-eu.ssl-images-amazon.com/images/I/419qtDOzcfL._SS100_SCLZZZZZZZ_.jpg,3,75CL NORMANDIE CIDRE BOUCHE DOUX ECUSSON,B00CEZTY1U
 20 juin. 2017,407-6363799-0593943,https://primenow.amazon.fr/dp/B01G5SFH5I?m=AGMEOZFASZJSS&psc=1,https://images-eu.ssl-images-amazon.com/images/I/31np6Pn8AxL._SS100_SCLZZZZZZZ_.jpg,1,Concombre Droit,B01G5SFH5I
 20 juin. 2017,407-6363799-0593943,https://primenow.amazon.fr/dp/B01N5XID94?m=AGMEOZFASZJSS&psc=1,https://images-eu.ssl-images-amazon.com/images/I/41FShYmQaHL._SS100_SCLZZZZZZZ_.jpg,1,Vivaldi Mozzarella de Vache 125 g,B01N5XID94
 3 aout. 2017,407-6774536-9191536,https://primenow.amazon.fr/dp/B072JT9D49?m=AGMEOZFASZJSS&psc=1,https://images-eu.ssl-images-amazon.com/images/I/51NwzbJbDaL._SS100_SCLZZZZZZZ_.jpg,1,Lou� Poulet Fermier Jaune 1,250 kg,B072JT9D49
 3 aout. 2017,407-6774536-9191536,https://primenow.amazon.fr/dp/B01NCOGGDZ?m=AGMEOZFASZJSS&psc=1,https://images-eu.ssl-images-amazon.com/images/I/51YcXcFdn%2BL._SS100_SCLZZZZZZZ_.jpg,1,L'ORIGINAL POTATOES 700g,B01NCOGGDZ
 3 aout. 2017,407-6774536-9191536,https://primenow.amazon.fr/dp/B06ZYJL9XN?m=AGMEOZFASZJSS&psc=1,https://images-eu.ssl-images-amazon.com/images/I/51xa%2BTErVgL._SS100_SCLZZZZZZZ_.jpg,2,Mort Subite Bi�re Lambic aux Cerises Aro...,B06ZYJL9XN
 3 aout. 2017,407-6774536-9191536,https://primenow.amazon.fr/dp/B06XD9KNTQ?m=AGMEOZFASZJSS&psc=1,https://images-eu.ssl-images-amazon.com/images/I/51u12AoONxL._SS100_SCLZZZZZZZ_.jpg,1,Lustucru Oeufs Plein Air Bleu-Blanc-C&#x...,B06XD9KNTQ
 19 mai. 2017,407-8337420-3916347,https://primenow.amazon.fr/dp/B00MQACW7Q?m=AGMEOZFASZJSS&psc=1,https://images-eu.ssl-images-amazon.com/images/I/414bcOA1UCL._SS100_SCLZZZZZZZ_.jpg,1,Mixa B�b� Lingettes au Lait 72 unit�s,B00MQACW7Q
 19 mai. 2017,407-8337420-3916347,https://primenow.amazon.fr/dp/B00GEY40NO?m=AGMEOZFASZJSS&psc=1,https://images-eu.ssl-images-amazon.com/images/I/410SyesxLGL._SS100_SCLZZZZZZZ_.jpg,1,Nivea Gel de toilette intime Fraicheur 2...,B00GEY40NO
 19 mai. 2017,407-8337420-3916347,https://primenow.amazon.fr/dp/B01N7RUVP6?m=AGMEOZFASZJSS&psc=1,https://images-eu.ssl-images-amazon.com/images/I/51YwBftlnRL._SS100_SCLZZZZZZZ_.jpg,1,Scottex Papier Toilette Coussin� Style x...,B01N7RUVP6
 19 mai. 2017,407-8337420-3916347,https://primenow.amazon.fr/dp/B001EC6FWK?m=AGMEOZFASZJSS&psc=1,https://images-eu.ssl-images-amazon.com/images/I/41ahdhMgl7L._SS100_SCLZZZZZZZ_.jpg,1,Mooncup Model A Coupe menstruelle,B001EC6FWK
 19 mai. 2017,407-8337420-3916347,https://primenow.amazon.fr/dp/B00FZVFCDY?m=AGMEOZFASZJSS&psc=1,https://images-eu.ssl-images-amazon.com/images/I/41IrVkQ7k7L._SS100_SCLZZZZZZZ_.jpg,1,Lotus - B�tonnets Ouates Boite - 160 B�t...,B00FZVFCDY
 19 mai. 2017,407-8337420-3916347,https://primenow.amazon.fr/dp/B000R6Q4VQ?m=AGMEOZFASZJSS&psc=1,https://images-eu.ssl-images-amazon.com/images/I/51frj3TqsmL._SS100_SCLZZZZZZZ_.jpg,1,Hudora  64150 lot de 2 bandes �lastiques...,B000R6Q4VQ
 27 juil.. 2017,407-9432767-7185921,https://primenow.amazon.fr/dp/B06ZYJL9XN?m=AGMEOZFASZJSS&psc=1,https://images-eu.ssl-images-amazon.com/images/I/51xa%2BTErVgL._SS100_SCLZZZZZZZ_.jpg,2,Mort Subite Bi�re Lambic aux Cerises Aro...,B06ZYJL9XN
 27 juil.. 2017,407-9432767-7185921,https://primenow.amazon.fr/dp/B01G5KG0CK?m=AGMEOZFASZJSS&psc=1,https://images-eu.ssl-images-amazon.com/images/I/513nZvPcb0L._SS100_SCLZZZZZZZ_.jpg,1,ST MORET Fromage Emball� Ligne/Plaisir e...,B01G5KG0CK
 27 juil.. 2017,407-9432767-7185921,https://primenow.amazon.fr/dp/B01G3HUXBO?m=AGMEOZFASZJSS&psc=1,https://images-eu.ssl-images-amazon.com/images/I/510ZDq9vU4L._SS100_SCLZZZZZZZ_.jpg,1,Krisprolls Petits Pains Su�dois Complets...,B01G3HUXBO
 27 juil.. 2017,407-9432767-7185921,https://primenow.amazon.fr/dp/B01G3P2LJI?m=AGMEOZFASZJSS&psc=1,https://images-eu.ssl-images-amazon.com/images/I/51z5ANVgpHL._SS100_SCLZZZZZZZ_.jpg,1,Findus Epinards Branches � Cr�me Fraiche...,B01G3P2LJI
 27 juil.. 2017,407-9432767-7185921,https://primenow.amazon.fr/dp/B01KNLPUVO?m=AGMEOZFASZJSS&psc=1,https://images-eu.ssl-images-amazon.com/images/I/51Dqf%2BT5xOL._SS100_SCLZZZZZZZ_.jpg,1,Fleury Michon 24 B�tonnets Surimi sans G...,B01KNLPUVO
 27 juil.. 2017,407-9432767-7185921,https://primenow.amazon.fr/dp/B0148O20R4?m=AGMEOZFASZJSS&psc=1,https://images-eu.ssl-images-amazon.com/images/I/61kXulimxnL._SS100_SCLZZZZZZZ_.jpg,1,Conn�table Thon entier au naturel 160 g,B0148O20R4
 7 juin. 2017,408-3910353-4674767,https://primenow.amazon.fr/dp/B01G5C5J9S?m=AGMEOZFASZJSS&psc=1,https://images-eu.ssl-images-amazon.com/images/I/51j5-4ULLEL._SS100_SCLZZZZZZZ_.jpg,2,Volvic Eau Min�rale Naturelle Pack de 6 ...,B01G5C5J9S
 7 juin. 2017,408-3910353-4674767,https://primenow.amazon.fr/dp/B01G35XSA4?m=AGMEOZFASZJSS&psc=1,https://images-eu.ssl-images-amazon.com/images/I/41gQd1arejL._SS100_SCLZZZZZZZ_.jpg,1,Rians le Cab�cou Du P�rigord Pur Lait de...,B01G35XSA4
 7 juin. 2017,408-3910353-4674767,https://primenow.amazon.fr/dp/B01G5SF8RA?m=AGMEOZFASZJSS&psc=1,https://images-eu.ssl-images-amazon.com/images/I/41bMY5tlofL._SS100_SCLZZZZZZZ_.jpg,1,Betterave Entiere Cuite sous vide 500g,B01G5SF8RA
 7 juin. 2017,408-3910353-4674767,https://primenow.amazon.fr/dp/B01N6X7KSX?m=AGMEOZFASZJSS&psc=1,https://images-eu.ssl-images-amazon.com/images/I/41tpA5bOnQL._SS100_SCLZZZZZZZ_.jpg,2,LA BOULANGERE Baguette Pr�cuite Traditio...,B01N6X7KSX
 7 juin. 2017,408-3910353-4674767,https://primenow.amazon.fr/dp/B005HLIU36?m=AGMEOZFASZJSS&psc=1,https://images-eu.ssl-images-amazon.com/images/I/41Vxm9wSCtL._SS100_SCLZZZZZZZ_.jpg,1,Neutrogena - Deep Clean Gel Exfoliant Vi...,B005HLIU36
 7 juin. 2017,408-3910353-4674767,https://primenow.amazon.fr/dp/B01MPXZ7RZ?m=AGMEOZFASZJSS&psc=1,https://images-eu.ssl-images-amazon.com/images/I/41dICzdwLsL._SS100_SCLZZZZZZZ_.jpg,1,Roussas - Authentique F�ta Grecque 200G,B01MPXZ7RZ
 7 juin. 2017,408-3910353-4674767,https://primenow.amazon.fr/dp/B003TSGS24?m=AGMEOZFASZJSS&psc=1,https://images-eu.ssl-images-amazon.com/images/I/51vQiOJSpjL._SS100_SCLZZZZZZZ_.jpg,1,Panzani P�tes Coudes Ray�s 500 g,B003TSGS24
 7 juin. 2017,408-3910353-4674767,https://primenow.amazon.fr/dp/B00M9PQTG8?m=AGMEOZFASZJSS&psc=1,https://images-eu.ssl-images-amazon.com/images/I/41eQRTLXxCL._SS100_SCLZZZZZZZ_.jpg,1,Narta D�odorant Bille Protection 5 pour ...,B00M9PQTG8
 7 juin. 2017,408-3910353-4674767,https://primenow.amazon.fr/dp/B00G3VWJ0E?m=AGMEOZFASZJSS&psc=1,https://images-eu.ssl-images-amazon.com/images/I/41Y5OOi8A7L._SS100_SCLZZZZZZZ_.jpg,1,Cadum - Gel Douche Sans Savon � l'Huile ...,B00G3VWJ0E
 9 mai. 2017,408-4647222-0493937,https://primenow.amazon.fr/dp/B0006V3S3E?m=AGMEOZFASZJSS&psc=1,https://images-eu.ssl-images-amazon.com/images/I/41VzM1O63QL._SS100_SCLZZZZZZZ_.jpg,1,Andros Jus Pasteuris� de Pommes Press�es...,B0006V3S3E
 9 mai. 2017,408-4647222-0493937,https://primenow.amazon.fr/dp/B013I9P8KQ?m=AGMEOZFASZJSS&psc=1,https://images-eu.ssl-images-amazon.com/images/I/41akSOP%2BbGL._SS100_SCLZZZZZZZ_.jpg,1,Lindt Tablette Chocolat au lait Extra Fo...,B013I9P8KQ
 9 mai. 2017,408-4647222-0493937,https://primenow.amazon.fr/dp/B014JEBUEM?m=AGMEOZFASZJSS&psc=1,https://images-eu.ssl-images-amazon.com/images/I/41IWKynHYwL._SS100_SCLZZZZZZZ_.jpg,1,Lindt Excellence  Noir � la Pointe de Fl...,B014JEBUEM
 9 mai. 2017,408-4647222-0493937,https://primenow.amazon.fr/dp/B01C67R048?m=AGMEOZFASZJSS&psc=1,https://images-eu.ssl-images-amazon.com/images/I/31ZD8ST26lL._SS100_SCLZZZZZZZ_.jpg,1,Taillefine Recette au Fromage Blanc Save...,B01C67R048
 9 mai. 2017,408-4647222-0493937,https://primenow.amazon.fr/dp/B01FXYCDES?m=AGMEOZFASZJSS&psc=1,https://images-eu.ssl-images-amazon.com/images/I/51IdczT1piL._SS100_SCLZZZZZZZ_.jpg,1,Andros Pomme Nature All�g�e en Sucre 4 x...,B01FXYCDES
 9 mai. 2017,408-4647222-0493937,https://primenow.amazon.fr/dp/B01G5SFH5I?m=AGMEOZFASZJSS&psc=1,https://images-eu.ssl-images-amazon.com/images/I/31np6Pn8AxL._SS100_SCLZZZZZZZ_.jpg,1,Concombre Droit,B01G5SFH5I
 9 mai. 2017,408-4647222-0493937,https://primenow.amazon.fr/dp/B01KOSB96Q?m=AGMEOZFASZJSS&psc=1,https://images-eu.ssl-images-amazon.com/images/I/416LgnPsmfL._SS100_SCLZZZZZZZ_.jpg,1,Candia Grandlait Lait U.H.T demi-�cr�m� ...,B01KOSB96Q
 9 mai. 2017,408-4647222-0493937,https://primenow.amazon.fr/dp/B01G42WUDC?m=AGMEOZFASZJSS&psc=1,https://images-eu.ssl-images-amazon.com/images/I/51A4vwfjT-L._SS100_SCLZZZZZZZ_.jpg,1,Activia Saveur Coco 4x125G,B01G42WUDC
 9 mai. 2017,408-4647222-0493937,https://primenow.amazon.fr/dp/B01G5C5J9S?m=AGMEOZFASZJSS&psc=1,https://images-eu.ssl-images-amazon.com/images/I/51j5-4ULLEL._SS100_SCLZZZZZZZ_.jpg,2,Volvic Eau Min�rale Naturelle Pack de 6 ...,B01G5C5J9S
 9 mai. 2017,408-4647222-0493937,https://primenow.amazon.fr/dp/B01G5SGF04?m=AGMEOZFASZJSS&psc=1,https://images-eu.ssl-images-amazon.com/images/I/41X2yxFIV5L._SS100_SCLZZZZZZZ_.jpg,1,Tomate Allongee 500g  Cat 1,B01G5SGF04
 9 mai. 2017,408-4647222-0493937,https://primenow.amazon.fr/dp/B0148O20R4?m=AGMEOZFASZJSS&psc=1,https://images-eu.ssl-images-amazon.com/images/I/61kXulimxnL._SS100_SCLZZZZZZZ_.jpg,3,Conn�table Thon entier au naturel 160 g,B0148O20R4
 9 mai. 2017,408-4647222-0493937,https://primenow.amazon.fr/dp/B00X9CUTAM?m=AGMEOZFASZJSS&psc=1,https://images-eu.ssl-images-amazon.com/images/I/51%2BpgX1r%2BSL._SS100_SCLZZZZZZZ_.jpg,1,Bonduelle Ma�s 2 bo�tes de 150 g,B00X9CUTAM
 7 juin. 2017,408-4986226-4861149,https://primenow.amazon.fr/dp/B071CR6M5X?m=AQCAD4RM18J0Z&psc=1,https://images-eu.ssl-images-amazon.com/images/I/31TVSyovFNL._SS100_SCLZZZZZZZ_.jpg,1,Tomate ronde Bio, 500g,B071CR6M5X
 7 juin. 2017,408-4986226-4861149,https://primenow.amazon.fr/dp/B01N2Y0FL4?m=AQCAD4RM18J0Z&psc=1,https://images-eu.ssl-images-amazon.com/images/I/51kw7wI2oHL._SS100_SCLZZZZZZZ_.jpg,1,Avocat, pi�ce,B01N2Y0FL4
 7 juin. 2017,408-4986226-4861149,https://primenow.amazon.fr/dp/B01LZ4T0H1?m=AQCAD4RM18J0Z&psc=1,https://images-eu.ssl-images-amazon.com/images/I/41%2BmMjFu0-L._SS100_SCLZZZZZZZ_.jpg,1,Boite 10 oeufs moyen 53/63,B01LZ4T0H1
 7 juin. 2017,408-4986226-4861149,https://primenow.amazon.fr/dp/B06XT3YDT5?m=AQCAD4RM18J0Z&psc=1,https://images-eu.ssl-images-amazon.com/images/I/51vEtwonNhL._SS100_SCLZZZZZZZ_.jpg,1,Galette v�g.bl� curry courget.180g,B06XT3YDT5
 7 juin. 2017,408-4986226-4861149,https://primenow.amazon.fr/dp/B06XT5G25G?m=AQCAD4RM18J0Z&psc=1,https://images-eu.ssl-images-amazon.com/images/I/516khy2F3SL._SS100_SCLZZZZZZZ_.jpg,1,Galette c�r�ales tomates-ch�vre 2x90g,B06XT5G25G
 7 juin. 2017,408-4986226-4861149,https://primenow.amazon.fr/dp/B01LXCY6WR?m=AQCAD4RM18J0Z&psc=1,https://images-eu.ssl-images-amazon.com/images/I/418mGwWTtbL._SS100_SCLZZZZZZZ_.jpg,1,Huile olive 1L,B01LXCY6WR
 7 juin. 2017,408-4986226-4861149,https://primenow.amazon.fr/dp/B01M6V7UQ8?m=AQCAD4RM18J0Z&psc=1,https://images-eu.ssl-images-amazon.com/images/I/51oVJNioqKL._SS100_SCLZZZZZZZ_.jpg,2,Mangue, pi�ce,B01M6V7UQ8
 7 juin. 2017,408-4986226-4861149,https://primenow.amazon.fr/dp/B01LX6IV7R?m=AQCAD4RM18J0Z&psc=1,https://images-eu.ssl-images-amazon.com/images/I/41BFRvF7DWL._SS100_SCLZZZZZZZ_.jpg,1,Grinioc sarrasin comt� 2x100g,B01LX6IV7R
 7 juin. 2017,408-4986226-4861149,https://primenow.amazon.fr/dp/B01MU4QUK5?m=AQCAD4RM18J0Z&psc=1,https://images-eu.ssl-images-amazon.com/images/I/41ypk4hFeLL._SS100_SCLZZZZZZZ_.jpg,1,Concombre lisse, pi�ce,B01MU4QUK5
 7 juin. 2017,408-4986226-4861149,https://primenow.amazon.fr/dp/B01M0OHC74?m=AQCAD4RM18J0Z&psc=1,https://images-eu.ssl-images-amazon.com/images/I/41%2BcKwuG3UL._SS100_SCLZZZZZZZ_.jpg,1,Comt� 7/8 mois Bio, 190-200g,B01M0OHC74
 7 juin. 2017,408-4986226-4861149,https://primenow.amazon.fr/dp/B01LYHG4J8?m=AQCAD4RM18J0Z&psc=1,https://images-eu.ssl-images-amazon.com/images/I/515kWQYy%2BQL._SS100_SCLZZZZZZZ_.jpg,1,Galette v�g.bl� cplt epinard pign.2,B01LYHG4J8
